acumulado,acumulado_2018,acumulado_2019,acumulado_2020,acumulado_anterior,cambio_acumulado_vs_acumulado_anterior,cambio_mes_tot_vs_diciembre_tot,cambio_mes_tot_vs_mes_year_anterior_tot,cambio_mes_vs_mes_anterior,color_cambio_acumulado_vs_acumulado_anterior,color_cambio_mes_tot_vs_diciembre_tot,color_cambio_mes_tot_vs_mes_year_anterior_tot,color_cambio_mes_vs_mes_ant,diciembre_tot,id_delito_general,cve_delito,orden_graficacion_cambio_cuatro,mes,mes_anterior_tot,mes_tot,mes_year_anterior_tot,year,cve_delito
126.0,121.0,712.0,421.0,24.0,425.0,220.00000000000003,,220.00000000000003,5.0,5.0,0.0,5.0,30.0,5,Robo a pasajero a bordo de taxi,0.0,1,30.0,96.0,,2019,Robo a pasajero a bordo de taxi
246.0,458.0,827.0,385.0,123.0,100.0,38.83495145631068,,38.83495145631068,6.0,6.0,0.0,6.0,103.0,3,Robo a pasajero a bordo de microbús,1.0,1,103.0,143.0,,2019,Robo a pasajero a bordo de microbús
665.0,1340.0,2296.0,1521.0,305.0,118.0327868852459,25.423728813559322,,25.423728813559322,5.0,6.0,0.0,6.0,295.0,12,Robo a repartidor,2.0,1,295.0,370.0,,2019,Robo a repartidor
1272.0,2736.0,4086.0,1319.0,628.0,102.54777070063695,30.852994555353902,,30.852994555353902,6.0,6.0,0.0,6.0,551.0,13,Robo a negocio con violencia,3.0,1,551.0,721.0,,2019,Robo a negocio con violencia
195.0,822.0,717.0,256.0,99.0,96.96969696969697,26.744186046511626,,26.744186046511626,6.0,6.0,0.0,6.0,86.0,6,Robo a bordo de Metrobús,4.0,1,86.0,109.0,,2019,Robo a bordo de Metrobús
611.0,2017.0,2751.0,1457.0,396.0,54.292929292929294,23.809523809523807,,23.809523809523807,6.0,6.0,0.0,6.0,273.0,17,Robo a conductor/pasajero de vehículo,5.0,1,273.0,338.0,,2019,Robo a conductor/pasajero de vehículo
102.0,219.0,460.0,239.0,58.0,75.86206896551724,4.0,,4.0,6.0,4.0,0.0,4.0,50.0,15,Robo a cuentahabiente,6.0,1,50.0,52.0,,2019,Robo a cuentahabiente
647.0,3138.0,2267.0,536.0,415.0,55.90361445783133,10.064935064935066,,10.064935064935066,6.0,6.0,0.0,6.0,308.0,2,Robo a pasajero a bordo del Metro,7.0,1,308.0,339.0,,2019,Robo a pasajero a bordo del Metro
121.0,323.0,524.0,410.0,77.0,57.14285714285714,1.6666666666666667,,1.6666666666666667,6.0,4.0,0.0,4.0,60.0,4,Robo a casa habitación con violencia,8.0,1,60.0,61.0,,2019,Robo a casa habitación con violencia
1972.0,7412.0,7620.0,4131.0,1584.0,24.494949494949495,12.958963282937367,,12.958963282937367,4.0,6.0,0.0,6.0,926.0,20,Total delitos bajo impacto,9.0,1,926.0,1046.0,,2019,Total delitos bajo impacto
1166.0,4573.0,4152.0,2418.0,1089.0,7.07070707070707,5.64373897707231,,5.64373897707231,4.0,4.0,0.0,4.0,567.0,7,Robo a casa habitación sin violencia,10.0,1,567.0,599.0,,2019,Robo a casa habitación sin violencia
1112.0,121.0,712.0,421.0,,,170.0,,39.6551724137931,0.0,5.0,0.0,6.0,30.0,5,Robo a pasajero a bordo de taxi,11.0,1,58.0,81.0,,2020,Robo a pasajero a bordo de taxi
882.0,323.0,524.0,410.0,,,11.666666666666666,,24.074074074074073,0.0,6.0,0.0,6.0,60.0,4,Robo a casa habitación con violencia,12.0,1,54.0,67.0,,2020,Robo a casa habitación con violencia
15.0,49.0,79.0,48.0,16.0,-6.25,14.285714285714285,,14.285714285714285,3.0,6.0,0.0,6.0,7.0,16,Robo a transportista,14.0,1,7.0,8.0,,2019,Robo a transportista
1312.0,458.0,827.0,385.0,,,-0.9708737864077669,,59.375,0.0,3.0,0.0,5.0,103.0,3,Robo a pasajero a bordo de microbús,15.0,1,64.0,102.0,,2020,Robo a pasajero a bordo de microbús
285.0,937.0,1036.0,838.0,178.0,60.1123595505618,-10.0,,-10.0,6.0,2.0,0.0,2.0,150.0,1,Homicidio doloso,17.0,1,150.0,135.0,,2019,Homicidio doloso
9730.0,35657.0,34088.0,20770.0,6940.0,40.20172910662824,-8.200275970825942,,-8.200275970825942,6.0,3.0,0.0,2.0,5073.0,19,Total delitos alto impacto,18.0,1,5073.0,4657.0,,2019,Total delitos alto impacto
870.0,3314.0,3013.0,2281.0,645.0,34.883720930232556,-10.457516339869281,,-10.457516339869281,4.0,2.0,0.0,2.0,459.0,9,Robo de vehículo con violencia,19.0,1,459.0,411.0,,2019,Robo de vehículo con violencia
1712.0,5687.0,5955.0,4582.0,1355.0,26.346863468634684,-9.141583054626533,,-9.141583054626533,4.0,2.0,0.0,2.0,897.0,8,Robo de vehículo sin violencia,20.0,1,897.0,815.0,,2019,Robo de vehículo sin violencia
1260.0,822.0,717.0,256.0,,,-5.813953488372093,,3.8461538461538463,0.0,3.0,0.0,4.0,86.0,6,Robo a bordo de Metrobús,21.0,1,78.0,81.0,,2020,Robo a bordo de Metrobús
759.0,219.0,460.0,239.0,,,2.0,,-12.068965517241379,0.0,4.0,0.0,2.0,50.0,15,Robo a cuentahabiente,22.0,1,58.0,51.0,,2020,Robo a cuentahabiente
5103.0,3314.0,3013.0,2281.0,,,-26.361655773420477,,13.422818791946309,0.0,2.0,0.0,6.0,459.0,9,Robo de vehículo con violencia,23.0,1,298.0,338.0,,2020,Robo de vehículo con violencia
10248.0,5687.0,5955.0,4582.0,,,-24.637681159420293,,7.472178060413355,0.0,2.0,0.0,4.0,897.0,8,Robo de vehículo sin violencia,24.0,1,629.0,676.0,,2020,Robo de vehículo sin violencia
56765.0,35657.0,34088.0,20770.0,,,-33.43189434259807,,3.3670033670033668,0.0,1.0,0.0,4.0,5073.0,19,Total delitos alto impacto,25.0,1,3267.0,3377.0,,2020,Total delitos alto impacto
3145.0,15228.0,10912.0,6605.0,2670.0,17.790262172284642,-31.818181818181817,,-31.818181818181817,4.0,1.0,0.0,1.0,1870.0,11,Robo a transeúnte en vía pública,26.0,1,1870.0,1275.0,,2019,Robo a transeúnte en vía pública
6445.0,2736.0,4086.0,1319.0,,,-40.471869328493646,,0.9230769230769231,0.0,1.0,0.0,4.0,551.0,13,Robo a negocio con violencia,27.0,1,325.0,328.0,,2020,Robo a negocio con violencia
4323.0,2017.0,2751.0,1457.0,,,-12.087912087912088,,-3.614457831325301,0.0,2.0,0.0,2.0,273.0,17,Robo a conductor/pasajero de vehículo,28.0,1,249.0,240.0,,2020,Robo a conductor/pasajero de vehículo
12704.0,7412.0,7620.0,4131.0,,,-14.362850971922247,,-1.734820322180917,0.0,2.0,0.0,2.0,926.0,20,Total delitos bajo impacto,29.0,1,807.0,793.0,,2020,Total delitos bajo impacto
7121.0,4573.0,4152.0,2418.0,,,-16.75485008818342,,-1.6666666666666667,0.0,2.0,0.0,2.0,567.0,7,Robo a casa habitación sin violencia,30.0,1,480.0,472.0,,2020,Robo a casa habitación sin violencia
3999.0,1340.0,2296.0,1521.0,,,-17.28813559322034,,-6.870229007633588,0.0,2.0,0.0,2.0,295.0,12,Robo a repartidor,31.0,1,262.0,244.0,,2020,Robo a repartidor
324.0,1192.0,987.0,609.0,348.0,-6.896551724137931,-16.94915254237288,,-16.94915254237288,1.0,2.0,0.0,1.0,177.0,10,Lesiones dolosas por disparo de arma de fuego,32.0,1,177.0,147.0,,2019,Lesiones dolosas por disparo de arma de fuego
1728.0,937.0,1036.0,838.0,,,-26.666666666666668,,-0.9009009009009009,0.0,2.0,0.0,3.0,150.0,1,Homicidio doloso,33.0,1,111.0,110.0,,2020,Homicidio doloso
18434.0,15228.0,10912.0,6605.0,,,-43.475935828877006,,-1.8570102135561743,0.0,1.0,0.0,2.0,1870.0,11,Robo a transeúnte en vía pública,34.0,1,1077.0,1057.0,,2020,Robo a transeúnte en vía pública
3240.0,3138.0,2267.0,536.0,,,-60.71428571428571,,-0.819672131147541,0.0,1.0,0.0,3.0,308.0,2,Robo a pasajero a bordo del Metro,35.0,1,122.0,121.0,,2020,Robo a pasajero a bordo del Metro
139.0,49.0,79.0,48.0,,,-28.57142857142857,,-44.44444444444444,0.0,1.0,0.0,1.0,7.0,16,Robo a transportista,36.0,1,9.0,5.0,,2020,Robo a transportista
1678.0,1192.0,987.0,609.0,,,-57.06214689265536,,-20.833333333333336,0.0,1.0,0.0,1.0,177.0,10,Lesiones dolosas por disparo de arma de fuego,37.0,1,96.0,76.0,,2020,Lesiones dolosas por disparo de arma de fuego
231.0,121.0,712.0,421.0,39.0,492.3076923076923,250.0,,9.375,5.0,5.0,0.0,6.0,30.0,5,Robo a pasajero a bordo de taxi,0.0,2,96.0,105.0,,2019,Robo a pasajero a bordo de taxi
30.0,49.0,79.0,48.0,26.0,15.384615384615385,114.28571428571428,,87.5,4.0,5.0,0.0,5.0,7.0,16,Robo a transportista,1.0,2,8.0,15.0,,2019,Robo a transportista
198.0,323.0,524.0,410.0,112.0,76.78571428571429,28.333333333333332,,26.229508196721312,6.0,6.0,0.0,6.0,60.0,4,Robo a casa habitación con violencia,2.0,2,61.0,77.0,,2019,Robo a casa habitación con violencia
1025.0,3138.0,2267.0,536.0,767.0,33.63754889178618,22.727272727272727,,11.504424778761061,6.0,6.0,0.0,6.0,308.0,2,Robo a pasajero a bordo del Metro,3.0,2,339.0,378.0,,2019,Robo a pasajero a bordo del Metro
385.0,458.0,827.0,385.0,171.0,125.14619883040936,34.95145631067961,,-2.797202797202797,5.0,6.0,0.0,3.0,103.0,3,Robo a pasajero a bordo de microbús,4.0,2,143.0,139.0,,2019,Robo a pasajero a bordo de microbús
1868.0,2736.0,4086.0,1319.0,909.0,105.50055005500549,8.166969147005444,,-17.337031900138697,6.0,4.0,0.0,2.0,551.0,13,Robo a negocio con violencia,6.0,2,721.0,596.0,,2019,Robo a negocio con violencia
964.0,1340.0,2296.0,1521.0,451.0,113.74722838137473,1.3559322033898304,,-19.18918918918919,6.0,4.0,0.0,2.0,295.0,12,Robo a repartidor,7.0,2,370.0,299.0,,2019,Robo a repartidor
154.0,219.0,460.0,239.0,92.0,67.3913043478261,4.0,,0.0,6.0,4.0,0.0,0.0,50.0,15,Robo a cuentahabiente,9.0,2,52.0,52.0,,2019,Robo a cuentahabiente
915.0,2017.0,2751.0,1457.0,612.0,49.50980392156863,11.355311355311356,,-10.059171597633137,6.0,6.0,0.0,2.0,273.0,17,Robo a conductor/pasajero de vehículo,10.0,2,338.0,304.0,,2019,Robo a conductor/pasajero de vehículo
14480.0,35657.0,34088.0,20770.0,10812.0,33.925268220495745,-6.367041198501873,,1.996993772815117,6.0,3.0,0.0,4.0,5073.0,19,Total delitos alto impacto,11.0,2,4657.0,4750.0,,2019,Total delitos alto impacto
4760.0,15228.0,10912.0,6605.0,4240.0,12.264150943396226,-13.636363636363635,,26.666666666666668,4.0,2.0,0.0,6.0,1870.0,11,Robo a transeúnte en vía pública,12.0,2,1275.0,1615.0,,2019,Robo a transeúnte en vía pública
1166.0,121.0,712.0,421.0,,,80.0,,-33.33333333333333,0.0,6.0,0.0,1.0,30.0,5,Robo a pasajero a bordo de taxi,13.0,2,81.0,54.0,,2020,Robo a pasajero a bordo de taxi
146.0,49.0,79.0,48.0,,,0.0,,40.0,0.0,0.0,0.0,5.0,7.0,16,Robo a transportista,14.0,2,5.0,7.0,,2020,Robo a transportista
273.0,822.0,717.0,256.0,187.0,45.98930481283423,-9.30232558139535,,-28.440366972477065,6.0,2.0,0.0,1.0,86.0,6,Robo a bordo de Metrobús,15.0,2,109.0,78.0,,2019,Robo a bordo de Metrobús
2884.0,7412.0,7620.0,4131.0,2393.0,20.51817801922273,-1.511879049676026,,-12.810707456978967,4.0,3.0,0.0,2.0,926.0,20,Total delitos bajo impacto,16.0,2,1046.0,912.0,,2019,Total delitos bajo impacto
2487.0,5687.0,5955.0,4582.0,2020.0,23.11881188118812,-13.600891861761427,,-4.9079754601226995,4.0,2.0,0.0,2.0,897.0,8,Robo de vehículo sin violencia,17.0,2,815.0,775.0,,2019,Robo de vehículo sin violencia
401.0,937.0,1036.0,838.0,296.0,35.47297297297297,-22.666666666666664,,-14.074074074074074,6.0,2.0,0.0,2.0,150.0,1,Homicidio doloso,18.0,2,135.0,116.0,,2019,Homicidio doloso
1696.0,4573.0,4152.0,2418.0,1594.0,6.398996235884567,-6.525573192239858,,-11.519198664440735,4.0,2.0,0.0,2.0,567.0,7,Robo a casa habitación sin violencia,19.0,2,599.0,530.0,,2019,Robo a casa habitación sin violencia
4565.0,2017.0,2751.0,1457.0,,,-11.355311355311356,,0.8333333333333334,0.0,2.0,0.0,4.0,273.0,17,Robo a conductor/pasajero de vehículo,20.0,2,240.0,242.0,,2020,Robo a conductor/pasajero de vehículo
1213.0,3314.0,3013.0,2281.0,999.0,21.42142142142142,-25.272331154684096,,-16.54501216545012,4.0,2.0,0.0,2.0,459.0,9,Robo de vehículo con violencia,21.0,2,411.0,343.0,,2019,Robo de vehículo con violencia
4247.0,1340.0,2296.0,1521.0,,,-15.932203389830507,,1.639344262295082,0.0,2.0,0.0,4.0,295.0,12,Robo a repartidor,22.0,2,244.0,248.0,,2020,Robo a repartidor
3369.0,3138.0,2267.0,536.0,,,-58.11688311688312,,6.6115702479338845,0.0,1.0,0.0,6.0,308.0,2,Robo a pasajero a bordo del Metro,23.0,2,121.0,129.0,,2020,Robo a pasajero a bordo del Metro
10913.0,5687.0,5955.0,4582.0,,,-25.863991081382387,,-1.6272189349112427,0.0,2.0,0.0,3.0,897.0,8,Robo de vehículo sin violencia,24.0,2,676.0,665.0,,2020,Robo de vehículo sin violencia
13428.0,7412.0,7620.0,4131.0,,,-21.814254859611232,,-8.701134930643127,0.0,2.0,0.0,2.0,926.0,20,Total delitos bajo impacto,25.0,2,793.0,724.0,,2020,Total delitos bajo impacto
452.0,1192.0,987.0,609.0,492.0,-8.130081300813007,-27.683615819209038,,-12.925170068027212,1.0,2.0,0.0,2.0,177.0,10,Lesiones dolosas por disparo de arma de fuego,26.0,2,147.0,128.0,,2019,Lesiones dolosas por disparo de arma de fuego
7543.0,4573.0,4152.0,2418.0,,,-25.573192239858905,,-10.59322033898305,0.0,2.0,0.0,2.0,567.0,7,Robo a casa habitación sin violencia,27.0,2,472.0,422.0,,2020,Robo a casa habitación sin violencia
800.0,219.0,460.0,239.0,,,-18.0,,-19.607843137254903,0.0,2.0,0.0,1.0,50.0,15,Robo a cuentahabiente,28.0,2,51.0,41.0,,2020,Robo a cuentahabiente
1831.0,937.0,1036.0,838.0,,,-31.333333333333336,,-6.363636363636363,0.0,1.0,0.0,2.0,150.0,1,Homicidio doloso,29.0,2,110.0,103.0,,2020,Homicidio doloso
933.0,323.0,524.0,410.0,,,-15.0,,-23.88059701492537,0.0,2.0,0.0,1.0,60.0,4,Robo a casa habitación con violencia,30.0,2,67.0,51.0,,2020,Robo a casa habitación con violencia
59950.0,35657.0,34088.0,20770.0,,,-37.21663709836388,,-5.68551969203435,0.0,1.0,0.0,2.0,5073.0,19,Total delitos alto impacto,31.0,2,3377.0,3185.0,,2020,Total delitos alto impacto
5408.0,3314.0,3013.0,2281.0,,,-33.551198257080614,,-9.763313609467456,0.0,1.0,0.0,2.0,459.0,9,Robo de vehículo con violencia,32.0,2,338.0,305.0,,2020,Robo de vehículo con violencia
19461.0,15228.0,10912.0,6605.0,,,-45.080213903743314,,-2.838221381267739,0.0,1.0,0.0,3.0,1870.0,11,Robo a transeúnte en vía pública,33.0,2,1057.0,1027.0,,2020,Robo a transeúnte en vía pública
1320.0,822.0,717.0,256.0,,,-30.23255813953488,,-25.925925925925924,0.0,2.0,0.0,1.0,86.0,6,Robo a bordo de Metrobús,34.0,2,81.0,60.0,,2020,Robo a bordo de Metrobús
1382.0,458.0,827.0,385.0,,,-32.038834951456316,,-31.372549019607842,0.0,1.0,0.0,1.0,103.0,3,Robo a pasajero a bordo de microbús,35.0,2,102.0,70.0,,2020,Robo a pasajero a bordo de microbús
6703.0,2736.0,4086.0,1319.0,,,-53.17604355716878,,-21.341463414634145,0.0,1.0,0.0,1.0,551.0,13,Robo a negocio con violencia,36.0,2,328.0,258.0,,2020,Robo a negocio con violencia
1737.0,1192.0,987.0,609.0,,,-66.66666666666666,,-22.36842105263158,0.0,1.0,0.0,1.0,177.0,10,Lesiones dolosas por disparo de arma de fuego,37.0,2,76.0,59.0,,2020,Lesiones dolosas por disparo de arma de fuego
214.0,219.0,460.0,239.0,113.0,89.38053097345133,20.0,,15.384615384615385,6.0,6.0,0.0,6.0,50.0,15,Robo a cuentahabiente,0.0,3,52.0,60.0,,2019,Robo a cuentahabiente
1275.0,1340.0,2296.0,1521.0,607.0,110.04942339373972,5.423728813559322,,4.013377926421405,6.0,4.0,0.0,6.0,295.0,12,Robo a repartidor,1.0,3,299.0,311.0,,2019,Robo a repartidor
1281.0,2017.0,2751.0,1457.0,865.0,48.092485549132945,34.065934065934066,,20.394736842105264,6.0,6.0,0.0,6.0,273.0,17,Robo a conductor/pasajero de vehículo,2.0,3,304.0,366.0,,2019,Robo a conductor/pasajero de vehículo
562.0,937.0,1036.0,838.0,419.0,34.12887828162291,7.333333333333333,,38.793103448275865,6.0,4.0,0.0,6.0,150.0,1,Homicidio doloso,3.0,3,116.0,161.0,,2019,Homicidio doloso
3822.0,7412.0,7620.0,4131.0,3339.0,14.465408805031446,1.2958963282937366,,2.850877192982456,4.0,4.0,0.0,4.0,926.0,20,Total delitos bajo impacto,5.0,3,912.0,938.0,,2019,Total delitos bajo impacto
306.0,121.0,712.0,421.0,52.0,488.4615384615385,150.0,,-28.57142857142857,5.0,5.0,0.0,1.0,30.0,5,Robo a pasajero a bordo de taxi,6.0,3,105.0,75.0,,2019,Robo a pasajero a bordo de taxi
1241.0,121.0,712.0,421.0,,,150.0,,38.88888888888889,0.0,5.0,0.0,5.0,30.0,5,Robo a pasajero a bordo de taxi,7.0,3,54.0,75.0,,2020,Robo a pasajero a bordo de taxi
41.0,49.0,79.0,48.0,32.0,28.125,57.14285714285714,,-26.666666666666668,6.0,6.0,0.0,1.0,7.0,16,Robo a transportista,8.0,3,15.0,11.0,,2019,Robo a transportista
263.0,323.0,524.0,410.0,160.0,64.375,8.333333333333332,,-15.584415584415584,6.0,6.0,0.0,2.0,60.0,4,Robo a casa habitación con violencia,9.0,3,77.0,65.0,,2019,Robo a casa habitación con violencia
154.0,49.0,79.0,48.0,,,14.285714285714285,,14.285714285714285,0.0,6.0,0.0,6.0,7.0,16,Robo a transportista,10.0,3,7.0,8.0,,2020,Robo a transportista
1364.0,3138.0,2267.0,536.0,1119.0,21.89454870420018,10.064935064935066,,-10.317460317460316,4.0,6.0,0.0,2.0,308.0,2,Robo a pasajero a bordo del Metro,11.0,3,378.0,339.0,,2019,Robo a pasajero a bordo del Metro
1619.0,3314.0,3013.0,2281.0,1451.0,11.578221915920055,-11.546840958605664,,18.367346938775512,4.0,2.0,0.0,6.0,459.0,9,Robo de vehículo con violencia,12.0,3,343.0,406.0,,2019,Robo de vehículo con violencia
2392.0,2736.0,4086.0,1319.0,1175.0,103.57446808510637,-4.900181488203267,,-12.080536912751679,6.0,3.0,0.0,2.0,551.0,13,Robo a negocio con violencia,13.0,3,596.0,524.0,,2019,Robo a negocio con violencia
479.0,458.0,827.0,385.0,226.0,111.94690265486726,-8.737864077669903,,-32.37410071942446,5.0,3.0,0.0,1.0,103.0,3,Robo a pasajero a bordo de microbús,14.0,3,139.0,94.0,,2019,Robo a pasajero a bordo de microbús
1833.0,1192.0,987.0,609.0,,,-45.76271186440678,,62.71186440677966,0.0,1.0,0.0,5.0,177.0,10,Lesiones dolosas por disparo de arma de fuego,16.0,3,59.0,96.0,,2020,Lesiones dolosas por disparo de arma de fuego
19094.0,35657.0,34088.0,20770.0,15191.0,25.692844447370156,-9.04790065050266,,-2.863157894736842,6.0,3.0,0.0,2.0,5073.0,19,Total delitos alto impacto,17.0,3,4750.0,4614.0,,2019,Total delitos alto impacto
1958.0,937.0,1036.0,838.0,,,-15.333333333333332,,23.300970873786408,0.0,2.0,0.0,6.0,150.0,1,Homicidio doloso,18.0,3,103.0,127.0,,2020,Homicidio doloso
343.0,822.0,717.0,256.0,273.0,25.64102564102564,-18.6046511627907,,-10.256410256410255,6.0,2.0,0.0,2.0,86.0,6,Robo a bordo de Metrobús,19.0,3,78.0,70.0,,2019,Robo a bordo de Metrobús
3224.0,5687.0,5955.0,4582.0,2790.0,15.555555555555555,-17.837235228539576,,-4.903225806451613,4.0,2.0,0.0,2.0,897.0,8,Robo de vehículo sin violencia,20.0,3,775.0,737.0,,2019,Robo de vehículo sin violencia
6330.0,15228.0,10912.0,6605.0,6071.0,4.266183495305551,-16.0427807486631,,-2.786377708978328,4.0,2.0,0.0,2.0,1870.0,11,Robo a transeúnte en vía pública,21.0,3,1615.0,1570.0,,2019,Robo a transeúnte en vía pública
985.0,323.0,524.0,410.0,,,-13.333333333333334,,1.9607843137254901,0.0,2.0,0.0,4.0,60.0,4,Robo a casa habitación con violencia,22.0,3,51.0,52.0,,2020,Robo a casa habitación con violencia
5746.0,3314.0,3013.0,2281.0,,,-26.361655773420477,,10.819672131147541,0.0,2.0,0.0,6.0,459.0,9,Robo de vehículo con violencia,23.0,3,305.0,338.0,,2020,Robo de vehículo con violencia
589.0,1192.0,987.0,609.0,657.0,-10.350076103500761,-22.598870056497177,,7.03125,1.0,2.0,0.0,6.0,177.0,10,Lesiones dolosas por disparo de arma de fuego,24.0,3,128.0,137.0,,2019,Lesiones dolosas por disparo de arma de fuego
11597.0,5687.0,5955.0,4582.0,,,-23.745819397993312,,2.857142857142857,0.0,2.0,0.0,4.0,897.0,8,Robo de vehículo sin violencia,25.0,3,665.0,684.0,,2020,Robo de vehículo sin violencia
63181.0,35657.0,34088.0,20770.0,,,-36.30987581312833,,1.4442700156985873,0.0,1.0,0.0,4.0,5073.0,19,Total delitos alto impacto,26.0,3,3185.0,3231.0,,2020,Total delitos alto impacto
20527.0,15228.0,10912.0,6605.0,,,-42.99465240641711,,3.79746835443038,0.0,1.0,0.0,4.0,1870.0,11,Robo a transeúnte en vía pública,27.0,3,1027.0,1066.0,,2020,Robo a transeúnte en vía pública
2198.0,4573.0,4152.0,2418.0,2201.0,-0.13630168105406634,-11.46384479717813,,-5.283018867924529,3.0,2.0,0.0,2.0,567.0,7,Robo a casa habitación sin violencia,28.0,3,530.0,502.0,,2019,Robo a casa habitación sin violencia
4805.0,2017.0,2751.0,1457.0,,,-12.087912087912088,,-0.8264462809917356,0.0,2.0,0.0,3.0,273.0,17,Robo a conductor/pasajero de vehículo,29.0,3,242.0,240.0,,2020,Robo a conductor/pasajero de vehículo
841.0,219.0,460.0,239.0,,,-18.0,,0.0,0.0,2.0,0.0,0.0,50.0,15,Robo a cuentahabiente,30.0,3,41.0,41.0,,2020,Robo a cuentahabiente
4475.0,1340.0,2296.0,1521.0,,,-22.71186440677966,,-8.064516129032258,0.0,2.0,0.0,2.0,295.0,12,Robo a repartidor,31.0,3,248.0,228.0,,2020,Robo a repartidor
14109.0,7412.0,7620.0,4131.0,,,-26.457883369330453,,-5.939226519337017,0.0,2.0,0.0,2.0,926.0,20,Total delitos bajo impacto,32.0,3,724.0,681.0,,2020,Total delitos bajo impacto
7937.0,4573.0,4152.0,2418.0,,,-30.511463844797177,,-6.6350710900473935,0.0,1.0,0.0,2.0,567.0,7,Robo a casa habitación sin violencia,33.0,3,422.0,394.0,,2020,Robo a casa habitación sin violencia
1440.0,458.0,827.0,385.0,,,-43.689320388349515,,-17.142857142857142,0.0,1.0,0.0,2.0,103.0,3,Robo a pasajero a bordo de microbús,34.0,3,70.0,58.0,,2020,Robo a pasajero a bordo de microbús
1367.0,822.0,717.0,256.0,,,-45.348837209302324,,-21.666666666666668,0.0,1.0,0.0,1.0,86.0,6,Robo a bordo de Metrobús,35.0,3,60.0,47.0,,2020,Robo a bordo de Metrobús
6897.0,2736.0,4086.0,1319.0,,,-64.7912885662432,,-24.8062015503876,0.0,1.0,0.0,1.0,551.0,13,Robo a negocio con violencia,36.0,3,258.0,194.0,,2020,Robo a negocio con violencia
3467.0,3138.0,2267.0,536.0,,,-68.18181818181817,,-24.031007751937985,0.0,1.0,0.0,1.0,308.0,2,Robo a pasajero a bordo del Metro,37.0,3,129.0,98.0,,2020,Robo a pasajero a bordo del Metro
383.0,121.0,712.0,421.0,70.0,447.14285714285717,156.66666666666666,,2.666666666666667,5.0,5.0,0.0,6.0,30.0,5,Robo a pasajero a bordo de taxi,0.0,4,75.0,77.0,,2019,Robo a pasajero a bordo de taxi
1659.0,2017.0,2751.0,1457.0,1135.0,46.16740088105727,38.46153846153847,,3.278688524590164,6.0,6.0,0.0,6.0,273.0,17,Robo a conductor/pasajero de vehículo,1.0,4,366.0,378.0,,2019,Robo a conductor/pasajero de vehículo
4789.0,7412.0,7620.0,4131.0,4271.0,12.128307188012174,4.427645788336933,,3.091684434968017,4.0,6.0,0.0,6.0,926.0,20,Total delitos bajo impacto,2.0,4,938.0,967.0,,2019,Total delitos bajo impacto
49.0,49.0,79.0,48.0,35.0,40.0,14.285714285714285,,-27.27272727272727,6.0,6.0,0.0,2.0,7.0,16,Robo a transportista,3.0,4,11.0,8.0,,2019,Robo a transportista
1682.0,3138.0,2267.0,536.0,1501.0,12.058627581612258,3.2467532467532463,,-6.1946902654867255,4.0,4.0,0.0,3.0,308.0,2,Robo a pasajero a bordo del Metro,5.0,4,339.0,318.0,,2019,Robo a pasajero a bordo del Metro
3964.0,5687.0,5955.0,4582.0,3395.0,16.759941089837994,-17.502787068004462,,0.40705563093622793,4.0,2.0,0.0,4.0,897.0,8,Robo de vehículo sin violencia,6.0,4,737.0,740.0,,2019,Robo de vehículo sin violencia
2028.0,3314.0,3013.0,2281.0,1853.0,9.444144630329196,-10.893246187363834,,0.7389162561576355,4.0,3.0,0.0,4.0,459.0,9,Robo de vehículo con violencia,7.0,4,406.0,409.0,,2019,Robo de vehículo con violencia
264.0,219.0,460.0,239.0,133.0,98.49624060150376,0.0,,-16.666666666666664,6.0,0.0,0.0,2.0,50.0,15,Robo a cuentahabiente,8.0,4,60.0,50.0,,2019,Robo a cuentahabiente
1542.0,1340.0,2296.0,1521.0,765.0,101.56862745098039,-9.491525423728813,,-14.14790996784566,5.0,3.0,0.0,2.0,295.0,12,Robo a repartidor,9.0,4,311.0,267.0,,2019,Robo a repartidor
565.0,458.0,827.0,385.0,292.0,93.4931506849315,-16.50485436893204,,-8.51063829787234,6.0,2.0,0.0,2.0,103.0,3,Robo a pasajero a bordo de microbús,10.0,4,94.0,86.0,,2019,Robo a pasajero a bordo de microbús
323.0,323.0,524.0,410.0,197.0,63.95939086294417,0.0,,-7.6923076923076925,6.0,0.0,0.0,2.0,60.0,4,Robo a casa habitación con violencia,11.0,4,65.0,60.0,,2019,Robo a casa habitación con violencia
2833.0,2736.0,4086.0,1319.0,1475.0,92.0677966101695,-19.96370235934664,,-15.839694656488549,6.0,2.0,0.0,2.0,551.0,13,Robo a negocio con violencia,12.0,4,524.0,441.0,,2019,Robo a negocio con violencia
2727.0,4573.0,4152.0,2418.0,2758.0,-1.1240029006526469,-6.701940035273369,,5.378486055776892,3.0,3.0,0.0,5.0,567.0,7,Robo a casa habitación sin violencia,13.0,4,502.0,529.0,,2019,Robo a casa habitación sin violencia
23381.0,35657.0,34088.0,20770.0,19477.0,20.044154643939006,-15.493790656416323,,-7.087126137841353,6.0,2.0,0.0,3.0,5073.0,19,Total delitos alto impacto,14.0,4,4614.0,4287.0,,2019,Total delitos alto impacto
681.0,937.0,1036.0,838.0,555.0,22.702702702702705,-20.666666666666668,,-26.08695652173913,6.0,2.0,0.0,2.0,150.0,1,Homicidio doloso,15.0,4,161.0,119.0,,2019,Homicidio doloso
728.0,1192.0,987.0,609.0,791.0,-7.964601769911504,-21.468926553672315,,1.4598540145985401,1.0,2.0,0.0,6.0,177.0,10,Lesiones dolosas por disparo de arma de fuego,16.0,4,137.0,139.0,,2019,Lesiones dolosas por disparo de arma de fuego
403.0,822.0,717.0,256.0,378.0,6.613756613756613,-30.23255813953488,,-14.285714285714285,4.0,2.0,0.0,2.0,86.0,6,Robo a bordo de Metrobús,17.0,4,70.0,60.0,,2019,Robo a bordo de Metrobús
1278.0,121.0,712.0,421.0,,,23.333333333333332,,-50.66666666666667,0.0,6.0,0.0,1.0,30.0,5,Robo a pasajero a bordo de taxi,18.0,4,75.0,37.0,,2020,Robo a pasajero a bordo de taxi
7781.0,15228.0,10912.0,6605.0,7948.0,-2.101157523905385,-22.406417112299465,,-7.579617834394904,2.0,2.0,0.0,2.0,1870.0,11,Robo a transeúnte en vía pública,19.0,4,1570.0,1451.0,,2019,Robo a transeúnte en vía pública
2076.0,937.0,1036.0,838.0,,,-21.333333333333336,,-7.086614173228346,0.0,2.0,0.0,3.0,150.0,1,Homicidio doloso,20.0,4,127.0,118.0,,2020,Homicidio doloso
1029.0,323.0,524.0,410.0,,,-26.666666666666668,,-15.384615384615385,0.0,2.0,0.0,2.0,60.0,4,Robo a casa habitación con violencia,21.0,4,52.0,44.0,,2020,Robo a casa habitación con violencia
6013.0,3314.0,3013.0,2281.0,,,-41.830065359477125,,-21.005917159763314,0.0,2.0,0.0,2.0,459.0,9,Robo de vehículo con violencia,22.0,4,338.0,267.0,,2020,Robo de vehículo con violencia
1917.0,1192.0,987.0,609.0,,,-52.54237288135594,,-12.5,0.0,2.0,0.0,2.0,177.0,10,Lesiones dolosas por disparo de arma de fuego,23.0,4,96.0,84.0,,2020,Lesiones dolosas por disparo de arma de fuego
12068.0,5687.0,5955.0,4582.0,,,-47.491638795986624,,-31.140350877192986,0.0,2.0,0.0,2.0,897.0,8,Robo de vehículo sin violencia,25.0,4,684.0,471.0,,2020,Robo de vehículo sin violencia
4629.0,1340.0,2296.0,1521.0,,,-47.79661016949153,,-32.45614035087719,0.0,2.0,0.0,2.0,295.0,12,Robo a repartidor,26.0,4,228.0,154.0,,2020,Robo a repartidor
4936.0,2017.0,2751.0,1457.0,,,-52.01465201465202,,-45.416666666666664,0.0,2.0,0.0,2.0,273.0,17,Robo a conductor/pasajero de vehículo,27.0,4,240.0,131.0,,2020,Robo a conductor/pasajero de vehículo
65197.0,35657.0,34088.0,20770.0,,,-60.2602010644589,,-37.60445682451253,0.0,2.0,0.0,2.0,5073.0,19,Total delitos alto impacto,28.0,4,3231.0,2016.0,,2020,Total delitos alto impacto
21123.0,15228.0,10912.0,6605.0,,,-68.1283422459893,,-44.090056285178235,0.0,1.0,0.0,2.0,1870.0,11,Robo a transeúnte en vía pública,29.0,4,1066.0,596.0,,2020,Robo a transeúnte en vía pública
14419.0,7412.0,7620.0,4131.0,,,-66.52267818574515,,-54.478707782672544,0.0,1.0,0.0,1.0,926.0,20,Total delitos bajo impacto,30.0,4,681.0,310.0,,2020,Total delitos bajo impacto
8106.0,4573.0,4152.0,2418.0,,,-70.19400352733686,,-57.10659898477157,0.0,1.0,0.0,1.0,567.0,7,Robo a casa habitación sin violencia,31.0,4,394.0,169.0,,2020,Robo a casa habitación sin violencia
6999.0,2736.0,4086.0,1319.0,,,-81.48820326678766,,-47.42268041237113,0.0,1.0,0.0,1.0,551.0,13,Robo a negocio con violencia,32.0,4,194.0,102.0,,2020,Robo a negocio con violencia
855.0,219.0,460.0,239.0,,,-72.0,,-65.85365853658537,0.0,1.0,0.0,1.0,50.0,15,Robo a cuentahabiente,33.0,4,41.0,14.0,,2020,Robo a cuentahabiente
1463.0,458.0,827.0,385.0,,,-77.66990291262135,,-60.3448275862069,0.0,1.0,0.0,1.0,103.0,3,Robo a pasajero a bordo de microbús,34.0,4,58.0,23.0,,2020,Robo a pasajero a bordo de microbús
1377.0,822.0,717.0,256.0,,,-88.37209302325581,,-78.72340425531915,0.0,1.0,0.0,1.0,86.0,6,Robo a bordo de Metrobús,35.0,4,47.0,10.0,,2020,Robo a bordo de Metrobús
155.0,49.0,79.0,48.0,,,-85.71428571428571,,-87.5,0.0,1.0,0.0,1.0,7.0,16,Robo a transportista,36.0,4,8.0,1.0,,2020,Robo a transportista
3484.0,3138.0,2267.0,536.0,,,-94.48051948051948,,-82.6530612244898,0.0,1.0,0.0,1.0,308.0,2,Robo a pasajero a bordo del Metro,37.0,4,98.0,17.0,,2020,Robo a pasajero a bordo del Metro
488.0,121.0,712.0,421.0,74.0,559.4594594594595,250.0,,36.36363636363637,5.0,5.0,0.0,6.0,30.0,5,Robo a pasajero a bordo de taxi,0.0,5,77.0,105.0,,2019,Robo a pasajero a bordo de taxi
325.0,219.0,460.0,239.0,176.0,84.6590909090909,22.0,,22.0,6.0,6.0,0.0,6.0,50.0,15,Robo a cuentahabiente,1.0,5,50.0,61.0,,2019,Robo a cuentahabiente
508.0,822.0,717.0,256.0,496.0,2.4193548387096775,22.093023255813954,,75.0,4.0,6.0,0.0,5.0,86.0,6,Robo a bordo de Metrobús,2.0,5,60.0,105.0,,2019,Robo a bordo de Metrobús
2062.0,2017.0,2751.0,1457.0,1421.0,45.10907811400422,47.61904761904761,,6.613756613756613,6.0,6.0,0.0,4.0,273.0,17,Robo a conductor/pasajero de vehículo,3.0,5,378.0,403.0,,2019,Robo a conductor/pasajero de vehículo
391.0,323.0,524.0,410.0,230.0,70.0,13.333333333333334,,13.333333333333334,6.0,6.0,0.0,6.0,60.0,4,Robo a casa habitación con violencia,4.0,5,60.0,68.0,,2019,Robo a casa habitación con violencia
58.0,49.0,79.0,48.0,40.0,45.0,28.57142857142857,,12.5,6.0,6.0,0.0,4.0,7.0,16,Robo a transportista,5.0,5,8.0,9.0,,2019,Robo a transportista
840.0,937.0,1036.0,838.0,675.0,24.444444444444443,6.0,,33.61344537815126,6.0,4.0,0.0,6.0,150.0,1,Homicidio doloso,6.0,5,119.0,159.0,,2019,Homicidio doloso
5769.0,7412.0,7620.0,4131.0,5216.0,10.601993865030675,5.831533477321814,,1.344364012409514,4.0,4.0,0.0,4.0,926.0,20,Total delitos bajo impacto,7.0,5,967.0,980.0,,2019,Total delitos bajo impacto
1326.0,121.0,712.0,421.0,,,60.0,,29.72972972972973,0.0,6.0,0.0,6.0,30.0,5,Robo a pasajero a bordo de taxi,8.0,5,37.0,48.0,,2020,Robo a pasajero a bordo de taxi
666.0,458.0,827.0,385.0,352.0,89.20454545454545,-1.9417475728155338,,17.441860465116278,6.0,3.0,0.0,6.0,103.0,3,Robo a pasajero a bordo de microbús,9.0,5,86.0,101.0,,2019,Robo a pasajero a bordo de microbús
4751.0,5687.0,5955.0,4582.0,4172.0,13.87823585810163,-12.263099219620958,,6.351351351351352,4.0,2.0,0.0,4.0,897.0,8,Robo de vehículo sin violencia,11.0,5,740.0,787.0,,2019,Robo de vehículo sin violencia
27683.0,35657.0,34088.0,20770.0,24118.0,14.781491002570693,-15.198107628622118,,0.34989503149055284,6.0,2.0,0.0,4.0,5073.0,19,Total delitos alto impacto,12.0,5,4287.0,4302.0,,2019,Total delitos alto impacto
162.0,49.0,79.0,48.0,,,0.0,,600.0,0.0,0.0,0.0,5.0,7.0,16,Robo a transportista,13.0,5,1.0,7.0,,2020,Robo a transportista
1807.0,1340.0,2296.0,1521.0,940.0,92.23404255319149,-10.16949152542373,,-0.7490636704119851,5.0,3.0,0.0,3.0,295.0,12,Robo a repartidor,14.0,5,267.0,265.0,,2019,Robo a repartidor
3230.0,2736.0,4086.0,1319.0,1811.0,78.35450027609056,-27.949183303085302,,-9.977324263038549,6.0,2.0,0.0,1.0,551.0,13,Robo a negocio con violencia,15.0,5,441.0,397.0,,2019,Robo a negocio con violencia
1989.0,3138.0,2267.0,536.0,1928.0,3.163900414937759,-0.3246753246753247,,-3.459119496855346,4.0,3.0,0.0,2.0,308.0,2,Robo a pasajero a bordo del Metro,16.0,5,318.0,307.0,,2019,Robo a pasajero a bordo del Metro
2426.0,3314.0,3013.0,2281.0,2307.0,5.158214130905939,-13.28976034858388,,-2.689486552567237,4.0,2.0,0.0,2.0,459.0,9,Robo de vehículo con violencia,17.0,5,409.0,398.0,,2019,Robo de vehículo con violencia
872.0,219.0,460.0,239.0,,,-66.0,,21.428571428571427,0.0,1.0,0.0,6.0,50.0,15,Robo a cuentahabiente,18.0,5,14.0,17.0,,2020,Robo a cuentahabiente
1492.0,458.0,827.0,385.0,,,-71.84466019417476,,26.08695652173913,0.0,1.0,0.0,6.0,103.0,3,Robo a pasajero a bordo de microbús,19.0,5,23.0,29.0,,2020,Robo a pasajero a bordo de microbús
3504.0,3138.0,2267.0,536.0,,,-93.5064935064935,,17.647058823529413,0.0,1.0,0.0,6.0,308.0,2,Robo a pasajero a bordo del Metro,20.0,5,17.0,20.0,,2020,Robo a pasajero a bordo del Metro
3199.0,4573.0,4152.0,2418.0,3299.0,-3.031221582297666,-16.75485008818342,,-10.775047258979207,3.0,2.0,0.0,1.0,567.0,7,Robo a casa habitación sin violencia,21.0,5,529.0,472.0,,2019,Robo a casa habitación sin violencia
9174.0,15228.0,10912.0,6605.0,9919.0,-7.510837786067144,-25.50802139037433,,-3.997243280496209,2.0,2.0,0.0,2.0,1870.0,11,Robo a transeúnte en vía pública,22.0,5,1451.0,1393.0,,2019,Robo a transeúnte en vía pública
860.0,1192.0,987.0,609.0,936.0,-8.11965811965812,-25.423728813559322,,-5.0359712230215825,1.0,2.0,0.0,2.0,177.0,10,Lesiones dolosas por disparo de arma de fuego,23.0,5,139.0,132.0,,2019,Lesiones dolosas por disparo de arma de fuego
2178.0,937.0,1036.0,838.0,,,-32.0,,-13.559322033898304,0.0,2.0,0.0,1.0,150.0,1,Homicidio doloso,25.0,5,118.0,102.0,,2020,Homicidio doloso
6270.0,3314.0,3013.0,2281.0,,,-44.008714596949886,,-3.7453183520599254,0.0,2.0,0.0,2.0,459.0,9,Robo de vehículo con violencia,26.0,5,267.0,257.0,,2020,Robo de vehículo con violencia
1066.0,323.0,524.0,410.0,,,-38.333333333333336,,-15.909090909090908,0.0,2.0,0.0,1.0,60.0,4,Robo a casa habitación con violencia,27.0,5,44.0,37.0,,2020,Robo a casa habitación con violencia
5063.0,2017.0,2751.0,1457.0,,,-53.47985347985348,,-3.0534351145038165,0.0,2.0,0.0,2.0,273.0,17,Robo a conductor/pasajero de vehículo,28.0,5,131.0,127.0,,2020,Robo a conductor/pasajero de vehículo
12501.0,5687.0,5955.0,4582.0,,,-51.727982162764775,,-8.067940552016985,0.0,2.0,0.0,2.0,897.0,8,Robo de vehículo sin violencia,29.0,5,471.0,433.0,,2020,Robo de vehículo sin violencia
4764.0,1340.0,2296.0,1521.0,,,-54.23728813559322,,-12.337662337662337,0.0,2.0,0.0,1.0,295.0,12,Robo a repartidor,30.0,5,154.0,135.0,,2020,Robo a repartidor
1993.0,1192.0,987.0,609.0,,,-57.06214689265536,,-9.523809523809524,0.0,2.0,0.0,2.0,177.0,10,Lesiones dolosas por disparo de arma de fuego,31.0,5,84.0,76.0,,2020,Lesiones dolosas por disparo de arma de fuego
67118.0,35657.0,34088.0,20770.0,,,-62.13286024048886,,-4.712301587301587,0.0,2.0,0.0,2.0,5073.0,19,Total delitos alto impacto,32.0,5,2016.0,1921.0,,2020,Total delitos alto impacto
21708.0,15228.0,10912.0,6605.0,,,-68.71657754010695,,-1.8456375838926176,0.0,1.0,0.0,2.0,1870.0,11,Robo a transeúnte en vía pública,33.0,5,596.0,585.0,,2020,Robo a transeúnte en vía pública
14714.0,7412.0,7620.0,4131.0,,,-68.1425485961123,,-4.838709677419355,0.0,1.0,0.0,2.0,926.0,20,Total delitos bajo impacto,34.0,5,310.0,295.0,,2020,Total delitos bajo impacto
8268.0,4573.0,4152.0,2418.0,,,-71.42857142857143,,-4.142011834319527,0.0,1.0,0.0,2.0,567.0,7,Robo a casa habitación sin violencia,35.0,5,169.0,162.0,,2020,Robo a casa habitación sin violencia
7087.0,2736.0,4086.0,1319.0,,,-84.0290381125227,,-13.725490196078432,0.0,1.0,0.0,1.0,551.0,13,Robo a negocio con violencia,36.0,5,102.0,88.0,,2020,Robo a negocio con violencia
1383.0,822.0,717.0,256.0,,,-93.02325581395348,,-40.0,0.0,1.0,0.0,1.0,86.0,6,Robo a bordo de Metrobús,37.0,5,10.0,6.0,,2020,Robo a bordo de Metrobús
69.0,49.0,79.0,48.0,45.0,53.333333333333336,57.14285714285714,,22.22222222222222,6.0,6.0,0.0,6.0,7.0,16,Robo a transportista,0.0,6,9.0,11.0,,2019,Robo a transportista
772.0,458.0,827.0,385.0,400.0,93.0,2.912621359223301,,4.9504950495049505,6.0,4.0,0.0,4.0,103.0,3,Robo a pasajero a bordo de microbús,1.0,6,101.0,106.0,,2019,Robo a pasajero a bordo de microbús
6770.0,7412.0,7620.0,4131.0,6103.0,10.929051286252662,8.099352051835854,,2.142857142857143,4.0,4.0,0.0,4.0,926.0,20,Total delitos bajo impacto,2.0,6,980.0,1001.0,,2019,Total delitos bajo impacto
571.0,121.0,712.0,421.0,91.0,527.4725274725274,176.66666666666666,,-20.952380952380953,5.0,5.0,0.0,1.0,30.0,5,Robo a pasajero a bordo de taxi,3.0,6,105.0,83.0,,2019,Robo a pasajero a bordo de taxi
380.0,219.0,460.0,239.0,196.0,93.87755102040816,10.0,,-9.836065573770492,5.0,4.0,0.0,2.0,50.0,15,Robo a cuentahabiente,4.0,6,61.0,55.0,,2019,Robo a cuentahabiente
2458.0,2017.0,2751.0,1457.0,1639.0,49.96949359365467,45.05494505494506,,-1.7369727047146404,6.0,6.0,0.0,3.0,273.0,17,Robo a conductor/pasajero de vehículo,5.0,6,403.0,396.0,,2019,Robo a conductor/pasajero de vehículo
3712.0,2736.0,4086.0,1319.0,2121.0,75.01178689297501,-12.522686025408348,,21.41057934508816,6.0,2.0,0.0,6.0,551.0,13,Robo a negocio con violencia,6.0,6,397.0,482.0,,2019,Robo a negocio con violencia
2055.0,1340.0,2296.0,1521.0,1101.0,86.64850136239782,-15.932203389830507,,-6.415094339622642,6.0,2.0,0.0,3.0,295.0,12,Robo a repartidor,7.0,6,265.0,248.0,,2019,Robo a repartidor
1120.0,323.0,524.0,410.0,,,-10.0,,45.94594594594595,0.0,3.0,0.0,5.0,60.0,4,Robo a casa habitación con violencia,8.0,6,37.0,54.0,,2020,Robo a casa habitación con violencia
444.0,323.0,524.0,410.0,265.0,67.54716981132076,-11.666666666666666,,-22.058823529411764,6.0,2.0,0.0,1.0,60.0,4,Robo a casa habitación con violencia,9.0,6,68.0,53.0,,2019,Robo a casa habitación con violencia
1367.0,121.0,712.0,421.0,,,36.666666666666664,,-14.583333333333334,0.0,6.0,0.0,2.0,30.0,5,Robo a pasajero a bordo de taxi,10.0,6,48.0,41.0,,2020,Robo a pasajero a bordo de taxi
605.0,822.0,717.0,256.0,614.0,-1.4657980456026058,12.790697674418606,,-7.6190476190476195,3.0,6.0,0.0,2.0,86.0,6,Robo a bordo de Metrobús,11.0,6,105.0,97.0,,2019,Robo a bordo de Metrobús
3707.0,4573.0,4152.0,2418.0,3850.0,-3.7142857142857144,-10.405643738977071,,7.627118644067797,2.0,3.0,0.0,4.0,567.0,7,Robo a casa habitación sin violencia,14.0,6,472.0,508.0,,2019,Robo a casa habitación sin violencia
5470.0,5687.0,5955.0,4582.0,4827.0,13.320903252537807,-19.84392419175028,,-8.640406607369759,4.0,2.0,0.0,2.0,897.0,8,Robo de vehículo sin violencia,15.0,6,787.0,719.0,,2019,Robo de vehículo sin violencia
966.0,937.0,1036.0,838.0,800.0,20.75,-16.0,,-20.754716981132077,6.0,2.0,0.0,1.0,150.0,1,Homicidio doloso,16.0,6,159.0,126.0,,2019,Homicidio doloso
31580.0,35657.0,34088.0,20770.0,28487.0,10.857584161196336,-23.18154937906564,,-9.414225941422593,4.0,2.0,0.0,2.0,5073.0,19,Total delitos alto impacto,17.0,6,4302.0,3897.0,,2019,Total delitos alto impacto
2781.0,3314.0,3013.0,2281.0,2741.0,1.459321415541773,-22.657952069716774,,-10.804020100502512,4.0,2.0,0.0,2.0,459.0,9,Robo de vehículo con violencia,18.0,6,398.0,355.0,,2019,Robo de vehículo con violencia
13013.0,5687.0,5955.0,4582.0,,,-42.920847268673356,,18.244803695150118,0.0,2.0,0.0,6.0,897.0,8,Robo de vehículo sin violencia,19.0,6,433.0,512.0,,2020,Robo de vehículo sin violencia
6554.0,3314.0,3013.0,2281.0,,,-38.12636165577342,,10.505836575875486,0.0,2.0,0.0,6.0,459.0,9,Robo de vehículo con violencia,20.0,6,257.0,284.0,,2020,Robo de vehículo con violencia
8482.0,4573.0,4152.0,2418.0,,,-62.257495590828924,,32.098765432098766,0.0,1.0,0.0,6.0,567.0,7,Robo a casa habitación sin violencia,21.0,6,162.0,214.0,,2020,Robo a casa habitación sin violencia
2281.0,937.0,1036.0,838.0,,,-31.333333333333336,,0.9803921568627451,0.0,2.0,0.0,4.0,150.0,1,Homicidio doloso,22.0,6,102.0,103.0,,2020,Homicidio doloso
4918.0,1340.0,2296.0,1521.0,,,-47.79661016949153,,14.074074074074074,0.0,2.0,0.0,6.0,295.0,12,Robo a repartidor,23.0,6,135.0,154.0,,2020,Robo a repartidor
1392.0,822.0,717.0,256.0,,,-89.53488372093024,,50.0,0.0,1.0,0.0,5.0,86.0,6,Robo a bordo de Metrobús,24.0,6,6.0,9.0,,2020,Robo a bordo de Metrobús
15053.0,7412.0,7620.0,4131.0,,,-63.39092872570195,,14.915254237288137,0.0,1.0,0.0,6.0,926.0,20,Total delitos bajo impacto,25.0,6,295.0,339.0,,2020,Total delitos bajo impacto
69193.0,35657.0,34088.0,20770.0,,,-59.097181155135026,,8.01665799062988,0.0,2.0,0.0,6.0,5073.0,19,Total delitos alto impacto,26.0,6,1921.0,2075.0,,2020,Total delitos alto impacto
22315.0,15228.0,10912.0,6605.0,,,-67.54010695187166,,3.7606837606837606,0.0,1.0,0.0,4.0,1870.0,11,Robo a transeúnte en vía pública,27.0,6,585.0,607.0,,2020,Robo a transeúnte en vía pública
3529.0,3138.0,2267.0,536.0,,,-91.88311688311688,,25.0,0.0,1.0,0.0,6.0,308.0,2,Robo a pasajero a bordo del Metro,28.0,6,20.0,25.0,,2020,Robo a pasajero a bordo del Metro
168.0,49.0,79.0,48.0,,,-14.285714285714285,,-14.285714285714285,0.0,2.0,0.0,2.0,7.0,16,Robo a transportista,29.0,6,7.0,6.0,,2020,Robo a transportista
2231.0,3138.0,2267.0,536.0,2370.0,-5.864978902953586,-21.428571428571427,,-21.172638436482085,2.0,2.0,0.0,1.0,308.0,2,Robo a pasajero a bordo del Metro,30.0,6,307.0,242.0,,2019,Robo a pasajero a bordo del Metro
10388.0,15228.0,10912.0,6605.0,11779.0,-11.809151880465235,-35.08021390374332,,-12.849964106245512,1.0,2.0,0.0,2.0,1870.0,11,Robo a transeúnte en vía pública,31.0,6,1393.0,1214.0,,2019,Robo a transeúnte en vía pública
958.0,1192.0,987.0,609.0,1080.0,-11.296296296296296,-44.632768361581924,,-25.757575757575758,1.0,2.0,0.0,1.0,177.0,10,Lesiones dolosas por disparo de arma de fuego,32.0,6,132.0,98.0,,2019,Lesiones dolosas por disparo de arma de fuego
889.0,219.0,460.0,239.0,,,-66.0,,0.0,0.0,1.0,0.0,0.0,50.0,15,Robo a cuentahabiente,33.0,6,17.0,17.0,,2020,Robo a cuentahabiente
5179.0,2017.0,2751.0,1457.0,,,-57.509157509157504,,-8.661417322834646,0.0,2.0,0.0,2.0,273.0,17,Robo a conductor/pasajero de vehículo,34.0,6,127.0,116.0,,2020,Robo a conductor/pasajero de vehículo
2062.0,1192.0,987.0,609.0,,,-61.016949152542374,,-9.210526315789473,0.0,1.0,0.0,2.0,177.0,10,Lesiones dolosas por disparo de arma de fuego,35.0,6,76.0,69.0,,2020,Lesiones dolosas por disparo de arma de fuego
7169.0,2736.0,4086.0,1319.0,,,-85.11796733212341,,-6.8181818181818175,0.0,1.0,0.0,2.0,551.0,13,Robo a negocio con violencia,36.0,6,88.0,82.0,,2020,Robo a negocio con violencia
1513.0,458.0,827.0,385.0,,,-79.6116504854369,,-27.586206896551722,0.0,1.0,0.0,1.0,103.0,3,Robo a pasajero a bordo de microbús,37.0,6,29.0,21.0,,2020,Robo a pasajero a bordo de microbús
660.0,121.0,712.0,421.0,115.0,473.9130434782608,196.66666666666666,,7.228915662650602,5.0,5.0,0.0,4.0,30.0,5,Robo a pasajero a bordo de taxi,0.0,7,83.0,89.0,,2019,Robo a pasajero a bordo de taxi
446.0,219.0,460.0,239.0,222.0,100.9009009009009,32.0,,20.0,5.0,6.0,0.0,6.0,50.0,15,Robo a cuentahabiente,1.0,7,55.0,66.0,,2019,Robo a cuentahabiente
517.0,323.0,524.0,410.0,314.0,64.64968152866241,21.666666666666668,,37.735849056603776,6.0,6.0,0.0,6.0,60.0,4,Robo a casa habitación con violencia,2.0,7,53.0,73.0,,2019,Robo a casa habitación con violencia
179.0,49.0,79.0,48.0,,,57.14285714285714,,83.33333333333334,0.0,6.0,0.0,6.0,7.0,16,Robo a transportista,4.0,7,6.0,11.0,,2020,Robo a transportista
78.0,49.0,79.0,48.0,49.0,59.183673469387756,28.57142857142857,,-18.181818181818183,6.0,6.0,0.0,1.0,7.0,16,Robo a transportista,5.0,7,11.0,9.0,,2019,Robo a transportista
4204.0,2736.0,4086.0,1319.0,2523.0,66.62703131193024,-10.707803992740473,,2.0746887966804977,6.0,3.0,0.0,4.0,551.0,13,Robo a negocio con violencia,6.0,7,482.0,492.0,,2019,Robo a negocio con violencia
2745.0,2017.0,2751.0,1457.0,1904.0,44.17016806722689,5.128205128205128,,-27.525252525252526,6.0,4.0,0.0,1.0,273.0,17,Robo a conductor/pasajero de vehículo,7.0,7,396.0,287.0,,2019,Robo a conductor/pasajero de vehículo
707.0,822.0,717.0,256.0,727.0,-2.7510316368638237,18.6046511627907,,5.154639175257731,2.0,4.0,0.0,4.0,86.0,6,Robo a bordo de Metrobús,8.0,7,97.0,102.0,,2019,Robo a bordo de Metrobús
3586.0,3138.0,2267.0,536.0,,,-81.4935064935065,,128.0,0.0,1.0,0.0,5.0,308.0,2,Robo a pasajero a bordo del Metro,9.0,7,25.0,57.0,,2020,Robo a pasajero a bordo del Metro
1412.0,822.0,717.0,256.0,,,-76.74418604651163,,122.22222222222223,0.0,1.0,0.0,5.0,86.0,6,Robo a bordo de Metrobús,10.0,7,9.0,20.0,,2020,Robo a bordo de Metrobús
2296.0,1340.0,2296.0,1521.0,1264.0,81.64556962025317,-18.305084745762713,,-2.82258064516129,6.0,2.0,0.0,2.0,295.0,12,Robo a repartidor,11.0,7,248.0,241.0,,2019,Robo a repartidor
1408.0,121.0,712.0,421.0,,,36.666666666666664,,0.0,0.0,6.0,0.0,0.0,30.0,5,Robo a pasajero a bordo de taxi,12.0,7,41.0,41.0,,2020,Robo a pasajero a bordo de taxi
5368.0,2017.0,2751.0,1457.0,,,-30.76923076923077,,62.93103448275862,0.0,2.0,0.0,6.0,273.0,17,Robo a conductor/pasajero de vehículo,13.0,7,116.0,189.0,,2020,Robo a conductor/pasajero de vehículo
1553.0,458.0,827.0,385.0,,,-61.165048543689316,,90.47619047619048,0.0,1.0,0.0,5.0,103.0,3,Robo a pasajero a bordo de microbús,14.0,7,21.0,40.0,,2020,Robo a pasajero a bordo de microbús
848.0,458.0,827.0,385.0,450.0,88.44444444444444,-26.21359223300971,,-28.30188679245283,6.0,2.0,0.0,1.0,103.0,3,Robo a pasajero a bordo de microbús,15.0,7,106.0,76.0,,2019,Robo a pasajero a bordo de microbús
917.0,219.0,460.0,239.0,,,-44.0,,64.70588235294117,0.0,2.0,0.0,6.0,50.0,15,Robo a cuentahabiente,16.0,7,17.0,28.0,,2020,Robo a cuentahabiente
1086.0,937.0,1036.0,838.0,926.0,17.278617710583152,-20.0,,-4.761904761904762,6.0,2.0,0.0,2.0,150.0,1,Homicidio doloso,18.0,7,126.0,120.0,,2019,Homicidio doloso
15533.0,7412.0,7620.0,4131.0,,,-48.16414686825054,,41.5929203539823,0.0,1.0,0.0,6.0,926.0,20,Total delitos bajo impacto,19.0,7,339.0,480.0,,2020,Total delitos bajo impacto
6177.0,5687.0,5955.0,4582.0,5544.0,11.417748917748918,-21.181716833890746,,-1.6689847009735743,4.0,2.0,0.0,3.0,897.0,8,Robo de vehículo sin violencia,20.0,7,719.0,707.0,,2019,Robo de vehículo sin violencia
7637.0,7412.0,7620.0,4131.0,7070.0,8.01980198019802,-6.371490280777538,,-13.386613386613385,4.0,3.0,0.0,2.0,926.0,20,Total delitos bajo impacto,21.0,7,1001.0,867.0,,2019,Total delitos bajo impacto
7306.0,2736.0,4086.0,1319.0,,,-75.1361161524501,,67.07317073170732,0.0,1.0,0.0,6.0,551.0,13,Robo a negocio con violencia,22.0,7,82.0,137.0,,2020,Robo a negocio con violencia
35376.0,35657.0,34088.0,20770.0,33316.0,6.1832152719414095,-25.172481766213284,,-2.5917372337695666,4.0,2.0,0.0,3.0,5073.0,19,Total delitos alto impacto,23.0,7,3897.0,3796.0,,2019,Total delitos alto impacto
3141.0,3314.0,3013.0,2281.0,3200.0,-1.84375,-21.568627450980394,,1.4084507042253522,3.0,2.0,0.0,4.0,459.0,9,Robo de vehículo con violencia,24.0,7,355.0,360.0,,2019,Robo de vehículo con violencia
13585.0,5687.0,5955.0,4582.0,,,-36.231884057971016,,11.71875,0.0,2.0,0.0,4.0,897.0,8,Robo de vehículo sin violencia,25.0,7,512.0,572.0,,2020,Robo de vehículo sin violencia
23115.0,15228.0,10912.0,6605.0,,,-57.21925133689839,,31.795716639209225,0.0,1.0,0.0,6.0,1870.0,11,Robo a transeúnte en vía pública,26.0,7,607.0,800.0,,2020,Robo a transeúnte en vía pública
8753.0,4573.0,4152.0,2418.0,,,-52.20458553791887,,26.635514018691588,0.0,1.0,0.0,6.0,567.0,7,Robo a casa habitación sin violencia,27.0,7,214.0,271.0,,2020,Robo a casa habitación sin violencia
5091.0,1340.0,2296.0,1521.0,,,-41.35593220338983,,12.337662337662337,0.0,2.0,0.0,6.0,295.0,12,Robo a repartidor,28.0,7,154.0,173.0,,2020,Robo a repartidor
71661.0,35657.0,34088.0,20770.0,,,-51.350285826926864,,18.93975903614458,0.0,1.0,0.0,6.0,5073.0,19,Total delitos alto impacto,29.0,7,2075.0,2468.0,,2020,Total delitos alto impacto
1059.0,1192.0,987.0,609.0,1237.0,-14.38965238480194,-42.93785310734463,,3.061224489795918,1.0,2.0,0.0,4.0,177.0,10,Lesiones dolosas por disparo de arma de fuego,30.0,7,98.0,101.0,,2019,Lesiones dolosas por disparo de arma de fuego
2142.0,1192.0,987.0,609.0,,,-54.80225988700565,,15.942028985507244,0.0,1.0,0.0,6.0,177.0,10,Lesiones dolosas por disparo de arma de fuego,31.0,7,69.0,80.0,,2020,Lesiones dolosas por disparo de arma de fuego
4185.0,4573.0,4152.0,2418.0,4439.0,-5.722009461590448,-15.696649029982362,,-5.905511811023622,2.0,2.0,0.0,2.0,567.0,7,Robo a casa habitación sin violencia,32.0,7,508.0,478.0,,2019,Robo a casa habitación sin violencia
1167.0,323.0,524.0,410.0,,,-21.666666666666668,,-12.962962962962962,0.0,2.0,0.0,2.0,60.0,4,Robo a casa habitación con violencia,33.0,7,54.0,47.0,,2020,Robo a casa habitación con violencia
2378.0,937.0,1036.0,838.0,,,-35.333333333333336,,-5.825242718446602,0.0,2.0,0.0,2.0,150.0,1,Homicidio doloso,34.0,7,103.0,97.0,,2020,Homicidio doloso
11522.0,15228.0,10912.0,6605.0,13901.0,-17.11387669951802,-39.35828877005348,,-6.589785831960461,1.0,2.0,0.0,2.0,1870.0,11,Robo a transeúnte en vía pública,35.0,7,1214.0,1134.0,,2019,Robo a transeúnte en vía pública
2431.0,3138.0,2267.0,536.0,2787.0,-12.773591675636887,-35.064935064935064,,-17.355371900826448,2.0,2.0,0.0,1.0,308.0,2,Robo a pasajero a bordo del Metro,36.0,7,242.0,200.0,,2019,Robo a pasajero a bordo del Metro
6825.0,3314.0,3013.0,2281.0,,,-40.95860566448802,,-4.577464788732395,0.0,2.0,0.0,2.0,459.0,9,Robo de vehículo con violencia,37.0,7,284.0,271.0,,2020,Robo de vehículo con violencia
742.0,121.0,712.0,421.0,135.0,449.6296296296296,173.33333333333334,310.0,-7.865168539325842,5.0,5.0,5.0,2.0,30.0,5,Robo a pasajero a bordo de taxi,0.0,8,89.0,82.0,20.0,2019,Robo a pasajero a bordo de taxi
510.0,219.0,460.0,239.0,250.0,104.0,28.000000000000004,128.57142857142858,-3.0303030303030303,5.0,6.0,6.0,2.0,50.0,15,Robo a cuentahabiente,1.0,8,66.0,64.0,28.0,2019,Robo a cuentahabiente
2591.0,1340.0,2296.0,1521.0,1475.0,75.66101694915254,0.0,39.81042654028436,22.40663900414938,6.0,0.0,6.0,5.0,295.0,12,Robo a repartidor,2.0,8,241.0,295.0,211.0,2019,Robo a repartidor
930.0,458.0,827.0,385.0,513.0,81.28654970760235,-20.388349514563107,30.158730158730158,7.894736842105263,6.0,2.0,4.0,6.0,103.0,3,Robo a pasajero a bordo de microbús,3.0,8,76.0,82.0,63.0,2019,Robo a pasajero a bordo de microbús
584.0,323.0,524.0,410.0,365.0,60.0,11.666666666666666,31.372549019607842,-8.21917808219178,6.0,6.0,6.0,2.0,60.0,4,Robo a casa habitación con violencia,4.0,8,73.0,67.0,51.0,2019,Robo a casa habitación con violencia
86.0,49.0,79.0,48.0,57.0,50.877192982456144,14.285714285714285,0.0,-11.11111111111111,6.0,6.0,0.0,2.0,7.0,16,Robo a transportista,6.0,8,9.0,8.0,8.0,2019,Robo a transportista
3024.0,2017.0,2751.0,1457.0,2204.0,37.20508166969147,2.197802197802198,-7.000000000000001,-2.7874564459930316,6.0,4.0,3.0,2.0,273.0,17,Robo a conductor/pasajero de vehículo,8.0,8,287.0,279.0,300.0,2019,Robo a conductor/pasajero de vehículo
1452.0,121.0,712.0,421.0,,,46.666666666666664,-46.34146341463415,7.317073170731707,0.0,6.0,1.0,6.0,30.0,5,Robo a pasajero a bordo de taxi,9.0,8,41.0,44.0,82.0,2020,Robo a pasajero a bordo de taxi
8546.0,7412.0,7620.0,4131.0,8126.0,5.168594634506523,-1.8358531317494602,-13.920454545454545,4.844290657439446,4.0,3.0,2.0,4.0,926.0,20,Total delitos bajo impacto,10.0,8,867.0,909.0,1056.0,2019,Total delitos bajo impacto
4637.0,2736.0,4086.0,1319.0,2977.0,55.76083305340948,-21.415607985480946,-4.6255506607929515,-11.991869918699187,6.0,2.0,3.0,2.0,551.0,13,Robo a negocio con violencia,11.0,8,492.0,433.0,454.0,2019,Robo a negocio con violencia
1225.0,323.0,524.0,410.0,,,-3.3333333333333335,-13.432835820895523,23.404255319148938,0.0,3.0,2.0,5.0,60.0,4,Robo a casa habitación con violencia,12.0,8,47.0,58.0,67.0,2020,Robo a casa habitación con violencia
803.0,822.0,717.0,256.0,834.0,-3.7170263788968825,11.627906976744185,-10.2803738317757,-5.88235294117647,3.0,4.0,2.0,2.0,86.0,6,Robo a bordo de Metrobús,13.0,8,102.0,96.0,107.0,2019,Robo a bordo de Metrobús
4719.0,4573.0,4152.0,2418.0,5088.0,-7.2523584905660385,-5.82010582010582,-17.719568567026194,11.715481171548117,2.0,3.0,2.0,6.0,567.0,7,Robo a casa habitación sin violencia,14.0,8,478.0,534.0,649.0,2019,Robo a casa habitación sin violencia
6852.0,5687.0,5955.0,4582.0,6326.0,8.314890926335758,-24.74916387959866,-13.682864450127877,-4.526166902404526,4.0,2.0,2.0,2.0,897.0,8,Robo de vehículo sin violencia,15.0,8,707.0,675.0,782.0,2019,Robo de vehículo sin violencia
1186.0,937.0,1036.0,838.0,1036.0,14.478764478764477,-33.33333333333333,-9.090909090909092,-16.666666666666664,6.0,2.0,2.0,1.0,150.0,1,Homicidio doloso,16.0,8,120.0,100.0,110.0,2019,Homicidio doloso
39161.0,35657.0,34088.0,20770.0,38350.0,2.1147327249022165,-25.3893159865957,-24.811283273738578,-0.2897787144362487,4.0,2.0,2.0,3.0,5073.0,19,Total delitos alto impacto,17.0,8,3796.0,3785.0,5034.0,2019,Total delitos alto impacto
1164.0,1192.0,987.0,609.0,1386.0,-16.017316017316016,-40.67796610169492,-29.53020134228188,3.9603960396039604,2.0,2.0,2.0,4.0,177.0,10,Lesiones dolosas por disparo de arma de fuego,18.0,8,101.0,105.0,149.0,2019,Lesiones dolosas por disparo de arma de fuego
12782.0,15228.0,10912.0,6605.0,16057.0,-20.396088933175562,-32.62032085561498,-41.55844155844156,11.11111111111111,1.0,2.0,1.0,6.0,1870.0,11,Robo a transeúnte en vía pública,19.0,8,1134.0,1260.0,2156.0,2019,Robo a transeúnte en vía pública
5276.0,1340.0,2296.0,1521.0,,,-37.28813559322034,-37.28813559322034,6.9364161849710975,0.0,2.0,2.0,4.0,295.0,12,Robo a repartidor,20.0,8,173.0,185.0,295.0,2020,Robo a repartidor
9067.0,4573.0,4152.0,2418.0,,,-44.62081128747795,-41.19850187265918,15.867158671586715,0.0,2.0,2.0,6.0,567.0,7,Robo a casa habitación sin violencia,21.0,8,271.0,314.0,534.0,2020,Robo a casa habitación sin violencia
23982.0,15228.0,10912.0,6605.0,,,-53.63636363636364,-31.19047619047619,8.375,0.0,1.0,2.0,6.0,1870.0,11,Robo a transeúnte en vía pública,22.0,8,800.0,867.0,1260.0,2020,Robo a transeúnte en vía pública
16042.0,7412.0,7620.0,4131.0,,,-45.032397408207345,-44.00440044004401,6.041666666666667,0.0,2.0,1.0,4.0,926.0,20,Total delitos bajo impacto,23.0,8,480.0,509.0,909.0,2020,Total delitos bajo impacto
74158.0,35657.0,34088.0,20770.0,,,-50.7786319731914,-34.02906208718626,1.1750405186385737,0.0,2.0,2.0,4.0,5073.0,19,Total delitos alto impacto,24.0,8,2468.0,2497.0,3785.0,2020,Total delitos alto impacto
947.0,219.0,460.0,239.0,,,-40.0,-53.125,7.142857142857142,0.0,2.0,1.0,6.0,50.0,15,Robo a cuentahabiente,25.0,8,28.0,30.0,64.0,2020,Robo a cuentahabiente
1595.0,458.0,827.0,385.0,,,-59.22330097087378,-48.78048780487805,5.0,0.0,1.0,1.0,4.0,103.0,3,Robo a pasajero a bordo de microbús,26.0,8,40.0,42.0,82.0,2020,Robo a pasajero a bordo de microbús
3655.0,3138.0,2267.0,536.0,,,-77.59740259740259,-52.083333333333336,21.052631578947366,0.0,1.0,1.0,6.0,308.0,2,Robo a pasajero a bordo del Metro,27.0,8,57.0,69.0,144.0,2020,Robo a pasajero a bordo del Metro
1435.0,822.0,717.0,256.0,,,-73.25581395348837,-76.04166666666666,15.0,0.0,1.0,1.0,6.0,86.0,6,Robo a bordo de Metrobús,28.0,8,20.0,23.0,96.0,2020,Robo a bordo de Metrobús
3472.0,3314.0,3013.0,2281.0,3621.0,-4.1148853907760286,-27.886710239651418,-21.377672209026127,-8.055555555555555,2.0,2.0,2.0,2.0,459.0,9,Robo de vehículo con violencia,29.0,8,360.0,331.0,421.0,2019,Robo de vehículo con violencia
14154.0,5687.0,5955.0,4582.0,,,-36.56633221850613,-15.703703703703702,-0.5244755244755245,0.0,2.0,2.0,3.0,897.0,8,Robo de vehículo sin violencia,30.0,8,572.0,569.0,675.0,2020,Robo de vehículo sin violencia
5540.0,2017.0,2751.0,1457.0,,,-36.996336996337,-38.35125448028674,-8.994708994708994,0.0,2.0,2.0,2.0,273.0,17,Robo a conductor/pasajero de vehículo,31.0,8,189.0,172.0,279.0,2020,Robo a conductor/pasajero de vehículo
2456.0,937.0,1036.0,838.0,,,-48.0,-22.0,-19.587628865979383,0.0,2.0,2.0,1.0,150.0,1,Homicidio doloso,32.0,8,97.0,78.0,100.0,2020,Homicidio doloso
7046.0,3314.0,3013.0,2281.0,,,-51.85185185185185,-33.23262839879154,-18.45018450184502,0.0,1.0,2.0,1.0,459.0,9,Robo de vehículo con violencia,33.0,8,271.0,221.0,331.0,2020,Robo de vehículo con violencia
2211.0,1192.0,987.0,609.0,,,-61.016949152542374,-34.285714285714285,-13.750000000000002,0.0,1.0,2.0,1.0,177.0,10,Lesiones dolosas por disparo de arma de fuego,34.0,8,80.0,69.0,105.0,2020,Lesiones dolosas por disparo de arma de fuego
2575.0,3138.0,2267.0,536.0,3218.0,-19.981354878806712,-53.246753246753244,-66.5893271461717,-28.000000000000004,1.0,1.0,1.0,1.0,308.0,2,Robo a pasajero a bordo del Metro,35.0,8,200.0,144.0,431.0,2019,Robo a pasajero a bordo del Metro
7436.0,2736.0,4086.0,1319.0,,,-76.40653357531761,-69.9769053117783,-5.109489051094891,0.0,1.0,1.0,2.0,551.0,13,Robo a negocio con violencia,36.0,8,137.0,130.0,433.0,2020,Robo a negocio con violencia
182.0,49.0,79.0,48.0,,,-57.14285714285714,-62.5,-72.72727272727273,0.0,1.0,1.0,1.0,7.0,16,Robo a transportista,37.0,8,11.0,3.0,8.0,2020,Robo a transportista
98.0,49.0,79.0,48.0,65.0,50.76923076923077,71.42857142857143,,50.0,6.0,6.0,0.0,5.0,7.0,16,Robo a transportista,0.0,9,8.0,12.0,,2019,Robo a transportista
817.0,121.0,712.0,421.0,150.0,444.66666666666663,150.0,,-8.536585365853659,5.0,5.0,0.0,1.0,30.0,5,Robo a pasajero a bordo de taxi,1.0,9,82.0,75.0,,2019,Robo a pasajero a bordo de taxi
562.0,219.0,460.0,239.0,277.0,102.88808664259928,4.0,,-18.75,5.0,4.0,0.0,1.0,50.0,15,Robo a cuentahabiente,2.0,9,64.0,52.0,,2019,Robo a cuentahabiente
910.0,822.0,717.0,256.0,920.0,-1.0869565217391304,24.418604651162788,,11.458333333333332,2.0,6.0,0.0,6.0,86.0,6,Robo a bordo de Metrobús,3.0,9,96.0,107.0,,2019,Robo a bordo de Metrobús
1293.0,937.0,1036.0,838.0,1141.0,13.321647677475898,-28.666666666666668,,7.000000000000001,4.0,1.0,0.0,6.0,150.0,1,Homicidio doloso,5.0,9,100.0,107.0,,2019,Homicidio doloso
7545.0,5687.0,5955.0,4582.0,7043.0,7.127644469686214,-22.74247491638796,,2.666666666666667,4.0,2.0,0.0,6.0,897.0,8,Robo de vehículo sin violencia,6.0,9,675.0,693.0,,2019,Robo de vehículo sin violencia
2878.0,1340.0,2296.0,1521.0,1676.0,71.71837708830549,-2.711864406779661,,-2.711864406779661,6.0,3.0,0.0,3.0,295.0,12,Robo a repartidor,7.0,9,295.0,287.0,,2019,Robo a repartidor
1007.0,458.0,827.0,385.0,567.0,77.60141093474427,-25.24271844660194,,-6.097560975609756,6.0,2.0,0.0,2.0,103.0,3,Robo a pasajero a bordo de microbús,8.0,9,82.0,77.0,,2019,Robo a pasajero a bordo de microbús
641.0,323.0,524.0,410.0,413.0,55.205811138014525,-5.0,,-14.925373134328357,6.0,2.0,0.0,1.0,60.0,4,Robo a casa habitación con violencia,9.0,9,67.0,57.0,,2019,Robo a casa habitación con violencia
3295.0,2017.0,2751.0,1457.0,2467.0,33.56303202269964,-0.7326007326007326,,-2.867383512544803,6.0,3.0,0.0,3.0,273.0,17,Robo a conductor/pasajero de vehículo,10.0,9,279.0,271.0,,2019,Robo a conductor/pasajero de vehículo
5057.0,2736.0,4086.0,1319.0,3381.0,49.571132800946465,-23.77495462794918,,-3.0023094688221708,6.0,2.0,0.0,2.0,551.0,13,Robo a negocio con violencia,11.0,9,433.0,420.0,,2019,Robo a negocio con violencia
9424.0,7412.0,7620.0,4131.0,9042.0,4.22472904224729,-5.183585313174946,,-3.4103410341034106,4.0,2.0,0.0,2.0,926.0,20,Total delitos bajo impacto,12.0,9,909.0,878.0,,2019,Total delitos bajo impacto
3811.0,3314.0,3013.0,2281.0,3977.0,-4.1740005028916265,-26.143790849673206,,2.416918429003021,2.0,2.0,0.0,4.0,459.0,9,Robo de vehículo con violencia,13.0,9,331.0,339.0,,2019,Robo de vehículo con violencia
1285.0,1192.0,987.0,609.0,1587.0,-19.029615626969125,-31.63841807909605,,15.238095238095239,2.0,1.0,0.0,6.0,177.0,10,Lesiones dolosas por disparo de arma de fuego,14.0,9,105.0,121.0,,2019,Lesiones dolosas por disparo de arma de fuego
2720.0,3138.0,2267.0,536.0,3542.0,-23.20722755505364,-52.922077922077925,,0.6944444444444444,1.0,1.0,0.0,4.0,308.0,2,Robo a pasajero a bordo del Metro,15.0,9,144.0,145.0,,2019,Robo a pasajero a bordo del Metro
5219.0,4573.0,4152.0,2418.0,5655.0,-7.7099911582670195,-11.816578483245149,,-6.367041198501873,2.0,2.0,0.0,2.0,567.0,7,Robo a casa habitación sin violencia,16.0,9,534.0,500.0,,2019,Robo a casa habitación sin violencia
42835.0,35657.0,34088.0,20770.0,43180.0,-0.7989810097267254,-27.577370392272815,,-2.9326287978863936,3.0,2.0,0.0,2.0,5073.0,19,Total delitos alto impacto,17.0,9,3785.0,3674.0,,2019,Total delitos alto impacto
13946.0,15228.0,10912.0,6605.0,18324.0,-23.892163283125956,-37.75401069518717,,-7.6190476190476195,1.0,1.0,0.0,2.0,1870.0,11,Robo a transeúnte en vía pública,18.0,9,1260.0,1164.0,,2019,Robo a transeúnte en vía pública
905.0,121.0,712.0,421.0,168.0,438.6904761904762,193.33333333333334,,17.333333333333336,5.0,5.0,0.0,5.0,30.0,5,Robo a pasajero a bordo de taxi,0.0,10,75.0,88.0,,2019,Robo a pasajero a bordo de taxi
618.0,219.0,460.0,239.0,314.0,96.81528662420382,12.0,,7.6923076923076925,5.0,6.0,0.0,6.0,50.0,15,Robo a cuentahabiente,1.0,10,52.0,56.0,,2019,Robo a cuentahabiente
3202.0,1340.0,2296.0,1521.0,1928.0,66.07883817427386,9.830508474576272,,12.89198606271777,6.0,4.0,0.0,6.0,295.0,12,Robo a repartidor,2.0,10,287.0,324.0,,2019,Robo a repartidor
704.0,323.0,524.0,410.0,474.0,48.52320675105485,5.0,,10.526315789473683,6.0,4.0,0.0,6.0,60.0,4,Robo a casa habitación con violencia,3.0,10,57.0,63.0,,2019,Robo a casa habitación con violencia
109.0,49.0,79.0,48.0,71.0,53.52112676056338,57.14285714285714,,-8.333333333333332,6.0,6.0,0.0,1.0,7.0,16,Robo a transportista,5.0,10,12.0,11.0,,2019,Robo a transportista
1024.0,822.0,717.0,256.0,1038.0,-1.348747591522158,32.55813953488372,,6.5420560747663545,3.0,6.0,0.0,6.0,86.0,6,Robo a bordo de Metrobús,6.0,10,107.0,114.0,,2019,Robo a bordo de Metrobús
8242.0,5687.0,5955.0,4582.0,7917.0,4.105090311986864,-22.296544035674472,,0.5772005772005772,4.0,2.0,0.0,4.0,897.0,8,Robo de vehículo sin violencia,7.0,10,693.0,697.0,,2019,Robo de vehículo sin violencia
1081.0,458.0,827.0,385.0,668.0,61.82634730538922,-28.155339805825243,,-3.896103896103896,6.0,2.0,0.0,2.0,103.0,3,Robo a pasajero a bordo de microbús,8.0,10,77.0,74.0,,2019,Robo a pasajero a bordo de microbús
3559.0,2017.0,2751.0,1457.0,2793.0,27.425707124955245,-3.296703296703297,,-2.5830258302583027,6.0,3.0,0.0,2.0,273.0,17,Robo a conductor/pasajero de vehículo,9.0,10,271.0,264.0,,2019,Robo a conductor/pasajero de vehículo
5431.0,2736.0,4086.0,1319.0,3840.0,41.432291666666664,-32.12341197822142,,-10.952380952380953,6.0,2.0,0.0,1.0,551.0,13,Robo a negocio con violencia,10.0,10,420.0,374.0,,2019,Robo a negocio con violencia
10300.0,7412.0,7620.0,4131.0,10100.0,1.9801980198019802,-5.399568034557236,,-0.22779043280182232,4.0,3.0,0.0,3.0,926.0,20,Total delitos bajo impacto,11.0,10,878.0,876.0,,2019,Total delitos bajo impacto
1393.0,937.0,1036.0,838.0,1254.0,11.084529505582138,-33.33333333333333,,-6.5420560747663545,4.0,1.0,0.0,1.0,150.0,1,Homicidio doloso,12.0,10,107.0,100.0,,2019,Homicidio doloso
46542.0,35657.0,34088.0,20770.0,48801.0,-4.6290035040265565,-26.926867731125565,,0.8982035928143712,2.0,2.0,0.0,4.0,5073.0,19,Total delitos alto impacto,13.0,10,3674.0,3707.0,,2019,Total delitos alto impacto
15125.0,15228.0,10912.0,6605.0,20850.0,-27.45803357314149,-36.95187165775401,,1.2886597938144329,1.0,1.0,0.0,6.0,1870.0,11,Robo a transeúnte en vía pública,14.0,10,1164.0,1179.0,,2019,Robo a transeúnte en vía pública
5717.0,4573.0,4152.0,2418.0,6269.0,-8.805232094432924,-12.16931216931217,,-0.4,2.0,2.0,0.0,2.0,567.0,7,Robo a casa habitación sin violencia,15.0,10,500.0,498.0,,2019,Robo a casa habitación sin violencia
4149.0,3314.0,3013.0,2281.0,4413.0,-5.982324949014276,-26.361655773420477,,-0.2949852507374631,2.0,2.0,0.0,2.0,459.0,9,Robo de vehículo con violencia,16.0,10,339.0,338.0,,2019,Robo de vehículo con violencia
1399.0,1192.0,987.0,609.0,1753.0,-20.193953223046208,-35.59322033898305,,-5.785123966942149,2.0,1.0,0.0,2.0,177.0,10,Lesiones dolosas por disparo de arma de fuego,17.0,10,121.0,114.0,,2019,Lesiones dolosas por disparo de arma de fuego
2865.0,3138.0,2267.0,536.0,3976.0,-27.94265593561368,-52.922077922077925,,0.0,1.0,1.0,0.0,0.0,308.0,2,Robo a pasajero a bordo del Metro,18.0,10,145.0,145.0,,2019,Robo a pasajero a bordo del Metro
125.0,49.0,79.0,48.0,82.0,52.4390243902439,128.57142857142858,,45.45454545454545,6.0,5.0,0.0,5.0,7.0,16,Robo a transportista,0.0,11,11.0,16.0,,2019,Robo a transportista
3834.0,2017.0,2751.0,1457.0,3129.0,22.53116011505273,0.7326007326007326,,4.166666666666666,4.0,4.0,0.0,6.0,273.0,17,Robo a conductor/pasajero de vehículo,1.0,11,264.0,275.0,,2019,Robo a conductor/pasajero de vehículo
973.0,121.0,712.0,421.0,186.0,423.1182795698925,126.66666666666666,,-22.727272727272727,5.0,6.0,0.0,1.0,30.0,5,Robo a pasajero a bordo de taxi,2.0,11,88.0,68.0,,2019,Robo a pasajero a bordo de taxi
1507.0,937.0,1036.0,838.0,1359.0,10.89036055923473,-24.0,,14.000000000000002,4.0,2.0,0.0,6.0,150.0,1,Homicidio doloso,4.0,11,100.0,114.0,,2019,Homicidio doloso
8943.0,5687.0,5955.0,4582.0,8769.0,1.9842627437564146,-21.850613154960982,,0.5738880918220948,4.0,2.0,0.0,4.0,897.0,8,Robo de vehículo sin violencia,5.0,11,697.0,701.0,,2019,Robo de vehículo sin violencia
3493.0,1340.0,2296.0,1521.0,2127.0,64.22190879172544,-1.3559322033898304,,-10.185185185185185,6.0,3.0,0.0,1.0,295.0,12,Robo a repartidor,6.0,11,324.0,291.0,,2019,Robo a repartidor
761.0,323.0,524.0,410.0,543.0,40.147329650092075,-5.0,,-9.523809523809524,6.0,3.0,0.0,2.0,60.0,4,Robo a casa habitación con violencia,7.0,11,63.0,57.0,,2019,Robo a casa habitación con violencia
650.0,219.0,460.0,239.0,349.0,86.24641833810888,-36.0,,-42.857142857142854,6.0,1.0,0.0,1.0,50.0,15,Robo a cuentahabiente,8.0,11,56.0,32.0,,2019,Robo a cuentahabiente
1146.0,458.0,827.0,385.0,766.0,49.60835509138381,-36.89320388349515,,-12.162162162162163,6.0,1.0,0.0,1.0,103.0,3,Robo a pasajero a bordo de microbús,9.0,11,74.0,65.0,,2019,Robo a pasajero a bordo de microbús
5792.0,2736.0,4086.0,1319.0,4252.0,36.21825023518344,-34.48275862068966,,-3.4759358288770055,6.0,2.0,0.0,2.0,551.0,13,Robo a negocio con violencia,10.0,11,374.0,361.0,,2019,Robo a negocio con violencia
11104.0,7412.0,7620.0,4131.0,11129.0,-0.22463833228502111,-13.174946004319654,,-8.21917808219178,3.0,2.0,0.0,2.0,926.0,20,Total delitos bajo impacto,11.0,11,876.0,804.0,,2019,Total delitos bajo impacto
6169.0,4573.0,4152.0,2418.0,6866.0,-10.151471016603555,-20.282186948853614,,-9.236947791164658,2.0,2.0,0.0,2.0,567.0,7,Robo a casa habitación sin violencia,12.0,11,498.0,452.0,,2019,Robo a casa habitación sin violencia
50121.0,35657.0,34088.0,20770.0,54131.0,-7.407954776375829,-29.450029568302778,,-3.4529268950633933,2.0,2.0,0.0,2.0,5073.0,19,Total delitos alto impacto,13.0,11,3707.0,3579.0,,2019,Total delitos alto impacto
4467.0,3314.0,3013.0,2281.0,4890.0,-8.650306748466258,-30.718954248366014,,-5.9171597633136095,2.0,2.0,0.0,2.0,459.0,9,Robo de vehículo con violencia,14.0,11,338.0,318.0,,2019,Robo de vehículo con violencia
1101.0,822.0,717.0,256.0,1134.0,-2.91005291005291,-10.465116279069768,,-32.45614035087719,2.0,2.0,0.0,1.0,86.0,6,Robo a bordo de Metrobús,15.0,11,114.0,77.0,,2019,Robo a bordo de Metrobús
16300.0,15228.0,10912.0,6605.0,23206.0,-29.759544945272776,-37.16577540106952,,-0.33927056827820185,1.0,1.0,0.0,3.0,1870.0,11,Robo a transeúnte en vía pública,16.0,11,1179.0,1175.0,,2019,Robo a transeúnte en vía pública
1506.0,1192.0,987.0,609.0,1939.0,-22.331098504383704,-39.548022598870055,,-6.140350877192982,1.0,1.0,0.0,2.0,177.0,10,Lesiones dolosas por disparo de arma de fuego,17.0,11,114.0,107.0,,2019,Lesiones dolosas por disparo de arma de fuego
2997.0,3138.0,2267.0,536.0,4362.0,-31.292984869325995,-57.14285714285714,,-8.96551724137931,1.0,1.0,0.0,2.0,308.0,2,Robo a pasajero a bordo del Metro,18.0,11,145.0,132.0,,2019,Robo a pasajero a bordo del Metro
30.0,121.0,712.0,421.0,14.0,114.28571428571428,0.0,,66.66666666666666,6.0,0.0,0.0,6.0,30.0,5,Robo a pasajero a bordo de taxi,0.0,12,18.0,30.0,,2018,Robo a pasajero a bordo de taxi
295.0,1340.0,2296.0,1521.0,135.0,118.5185185185185,0.0,,48.24120603015075,6.0,0.0,0.0,6.0,295.0,12,Robo a repartidor,1.0,12,199.0,295.0,,2018,Robo a repartidor
551.0,2736.0,4086.0,1319.0,241.0,128.63070539419087,0.0,,33.737864077669904,6.0,0.0,0.0,6.0,551.0,13,Robo a negocio con violencia,2.0,12,412.0,551.0,,2018,Robo a negocio con violencia
708.0,219.0,460.0,239.0,,,16.0,,81.25,0.0,5.0,0.0,5.0,50.0,15,Robo a cuentahabiente,3.0,12,32.0,58.0,,2019,Robo a cuentahabiente
50.0,219.0,460.0,239.0,31.0,61.29032258064516,0.0,,42.857142857142854,6.0,0.0,0.0,6.0,50.0,15,Robo a cuentahabiente,4.0,12,35.0,50.0,,2018,Robo a cuentahabiente
150.0,937.0,1036.0,838.0,99.0,51.515151515151516,0.0,,42.857142857142854,6.0,0.0,0.0,6.0,150.0,1,Homicidio doloso,5.0,12,105.0,150.0,,2018,Homicidio doloso
103.0,458.0,827.0,385.0,55.0,87.27272727272727,0.0,,5.1020408163265305,6.0,0.0,0.0,4.0,103.0,3,Robo a pasajero a bordo de microbús,6.0,12,98.0,103.0,,2018,Robo a pasajero a bordo de microbús
897.0,5687.0,5955.0,4582.0,639.0,40.375586854460096,0.0,,5.28169014084507,4.0,0.0,0.0,4.0,897.0,8,Robo de vehículo sin violencia,7.0,12,852.0,897.0,,2018,Robo de vehículo sin violencia
86.0,822.0,717.0,256.0,12.0,616.6666666666667,0.0,,-10.416666666666668,5.0,0.0,0.0,2.0,86.0,6,Robo a bordo de Metrobús,8.0,12,96.0,86.0,,2018,Robo a bordo de Metrobús
308.0,3138.0,2267.0,536.0,80.0,285.0,0.0,,-20.207253886010363,6.0,0.0,0.0,1.0,308.0,2,Robo a pasajero a bordo del Metro,10.0,12,386.0,308.0,,2018,Robo a pasajero a bordo del Metro
1031.0,121.0,712.0,421.0,,,93.33333333333333,,-14.705882352941178,0.0,5.0,0.0,1.0,30.0,5,Robo a pasajero a bordo de taxi,11.0,12,68.0,58.0,,2019,Robo a pasajero a bordo de taxi
1870.0,15228.0,10912.0,6605.0,829.0,125.5729794933655,0.0,,-20.62818336162988,6.0,0.0,0.0,1.0,1870.0,11,Robo a transeúnte en vía pública,12.0,12,2356.0,1870.0,,2018,Robo a transeúnte en vía pública
5073.0,35657.0,34088.0,20770.0,2693.0,88.37727441515038,0.0,,-4.821763602251407,6.0,0.0,0.0,2.0,5073.0,19,Total delitos alto impacto,13.0,12,5330.0,5073.0,,2018,Total delitos alto impacto
459.0,3314.0,3013.0,2281.0,307.0,49.5114006514658,0.0,,-3.7735849056603774,6.0,0.0,0.0,3.0,459.0,9,Robo de vehículo con violencia,14.0,12,477.0,459.0,,2018,Robo de vehículo con violencia
60.0,323.0,524.0,410.0,42.0,42.857142857142854,0.0,,-13.043478260869565,4.0,0.0,0.0,1.0,60.0,4,Robo a casa habitación con violencia,15.0,12,69.0,60.0,,2018,Robo a casa habitación con violencia
273.0,2017.0,2751.0,1457.0,187.0,45.98930481283423,0.0,,-18.75,4.0,0.0,0.0,1.0,273.0,17,Robo a conductor/pasajero de vehículo,16.0,12,336.0,273.0,,2018,Robo a conductor/pasajero de vehículo
926.0,7412.0,7620.0,4131.0,714.0,29.69187675070028,0.0,,-10.00971817298348,4.0,0.0,0.0,2.0,926.0,20,Total delitos bajo impacto,17.0,12,1029.0,926.0,,2018,Total delitos bajo impacto
567.0,4573.0,4152.0,2418.0,515.0,10.097087378640776,0.0,,-5.025125628140704,4.0,0.0,0.0,2.0,567.0,7,Robo a casa habitación sin violencia,18.0,12,597.0,567.0,,2018,Robo a casa habitación sin violencia
1179.0,822.0,717.0,256.0,,,-9.30232558139535,,1.2987012987012987,0.0,3.0,0.0,4.0,86.0,6,Robo a bordo de Metrobús,19.0,12,77.0,78.0,,2019,Robo a bordo de Metrobús
6649.0,4573.0,4152.0,2418.0,,,-15.343915343915343,,6.1946902654867255,0.0,2.0,0.0,6.0,567.0,7,Robo a casa habitación sin violencia,20.0,12,452.0,480.0,,2019,Robo a casa habitación sin violencia
11911.0,7412.0,7620.0,4131.0,,,-12.85097192224622,,0.3731343283582089,0.0,2.0,0.0,4.0,926.0,20,Total delitos bajo impacto,21.0,12,804.0,807.0,,2019,Total delitos bajo impacto
134.0,49.0,79.0,48.0,,,28.57142857142857,,-43.75,0.0,5.0,0.0,1.0,7.0,16,Robo a transportista,22.0,12,16.0,9.0,,2019,Robo a transportista
177.0,1192.0,987.0,609.0,194.0,-8.762886597938143,0.0,,-4.838709677419355,3.0,0.0,0.0,2.0,177.0,10,Lesiones dolosas por disparo de arma de fuego,23.0,12,186.0,177.0,,2018,Lesiones dolosas por disparo de arma de fuego
815.0,323.0,524.0,410.0,,,-10.0,,-5.263157894736842,0.0,2.0,0.0,2.0,60.0,4,Robo a casa habitación con violencia,24.0,12,57.0,54.0,,2019,Robo a casa habitación con violencia
4083.0,2017.0,2751.0,1457.0,,,-8.791208791208792,,-9.454545454545455,0.0,3.0,0.0,2.0,273.0,17,Robo a conductor/pasajero de vehículo,25.0,12,275.0,249.0,,2019,Robo a conductor/pasajero de vehículo
3755.0,1340.0,2296.0,1521.0,,,-11.186440677966102,,-9.965635738831615,0.0,2.0,0.0,2.0,295.0,12,Robo a repartidor,26.0,12,291.0,262.0,,2019,Robo a repartidor
1618.0,937.0,1036.0,838.0,,,-26.0,,-2.631578947368421,0.0,2.0,0.0,3.0,150.0,1,Homicidio doloso,27.0,12,114.0,111.0,,2019,Homicidio doloso
7.0,49.0,79.0,48.0,8.0,-12.5,0.0,,-36.36363636363637,1.0,0.0,0.0,1.0,7.0,16,Robo a transportista,28.0,12,11.0,7.0,,2018,Robo a transportista
1210.0,458.0,827.0,385.0,,,-37.86407766990291,,-1.5384615384615385,0.0,1.0,0.0,3.0,103.0,3,Robo a pasajero a bordo de microbús,30.0,12,65.0,64.0,,2019,Robo a pasajero a bordo de microbús
9572.0,5687.0,5955.0,4582.0,,,-29.87736900780379,,-10.271041369472183,0.0,2.0,0.0,2.0,897.0,8,Robo de vehículo sin violencia,31.0,12,701.0,629.0,,2019,Robo de vehículo sin violencia
4765.0,3314.0,3013.0,2281.0,,,-35.07625272331155,,-6.289308176100629,0.0,2.0,0.0,2.0,459.0,9,Robo de vehículo con violencia,32.0,12,318.0,298.0,,2019,Robo de vehículo con violencia
53388.0,35657.0,34088.0,20770.0,,,-35.60023654642224,,-8.717518860016764,0.0,2.0,0.0,2.0,5073.0,19,Total delitos alto impacto,33.0,12,3579.0,3267.0,,2019,Total delitos alto impacto
17377.0,15228.0,10912.0,6605.0,,,-42.406417112299465,,-8.340425531914894,0.0,1.0,0.0,2.0,1870.0,11,Robo a transeúnte en vía pública,34.0,12,1175.0,1077.0,,2019,Robo a transeúnte en vía pública
6117.0,2736.0,4086.0,1319.0,,,-41.01633393829401,,-9.97229916897507,0.0,1.0,0.0,2.0,551.0,13,Robo a negocio con violencia,35.0,12,361.0,325.0,,2019,Robo a negocio con violencia
1602.0,1192.0,987.0,609.0,,,-45.76271186440678,,-10.2803738317757,0.0,1.0,0.0,2.0,177.0,10,Lesiones dolosas por disparo de arma de fuego,36.0,12,107.0,96.0,,2019,Lesiones dolosas por disparo de arma de fuego
3119.0,3138.0,2267.0,536.0,,,-60.3896103896104,,-7.575757575757576,0.0,1.0,0.0,2.0,308.0,2,Robo a pasajero a bordo del Metro,37.0,12,132.0,122.0,,2019,Robo a pasajero a bordo del Metro
